{
    "model_name": "alexnet",
    "optimizer": "SGD",
    "nesterov_flag": false,
    "lr": 0.0001,
    "weight_decay": 0.0005,
    "weight_init": "kaiming",
    "dropout_rate": 0.0,
    "label_smoothing": 0.0,
    "lr_schedule": "step",
    "batch_size": 128,
    "use_augment": false,
    "protocol": "Fixed Wall-Clock Time",
    "wall_clock_budget_s": 1800,
    "seed": 2025,
    "device": "mps",
    "num_epochs_run": 30,
    "total_train_time_s": 1854.091260433197,
    "epoch_times_s": [
        85.00378799438477,
        60.701913833618164,
        58.84528374671936,
        58.202556848526,
        71.07602310180664,
        68.33524823188782,
        60.13010096549988,
        59.88126468658447,
        61.28152394294739,
        59.787638902664185,
        57.90487289428711,
        56.99293065071106,
        57.57121706008911,
        59.71822905540466,
        60.0279381275177,
        59.22306203842163,
        57.06884789466858,
        78.43174862861633,
        68.74519896507263,
        62.55666375160217,
        60.12868404388428,
        59.04684495925903,
        58.381041049957275,
        58.82876777648926,
        59.20370292663574,
        60.41808009147644,
        57.864882946014404,
        60.37643003463745,
        59.618147134780884,
        58.73862814903259
    ],
    "epoch_lrs": [
        0.0001,
        0.0001,
        0.0001,
        0.0001,
        0.0001,
        0.0001,
        0.0001,
        0.0001,
        0.0001,
        0.0001,
        0.0001,
        0.0001,
        0.0001,
        0.0001,
        0.0001,
        0.0001,
        0.0001,
        0.0001,
        0.0001,
        0.0001,
        1e-05,
        1e-05,
        1e-05,
        1e-05,
        1e-05,
        1e-05,
        1e-05,
        1e-05,
        1e-05,
        1e-05
    ],
    "best_val_acc": 0.6225,
    "final_test_acc": 0.6178184845961698,
    "final_test_loss": 1.1077262328923692,
    "model_file": "/Users/josealmendarez/Desktop/Lab2CNNModel/results/alexnet/exp_9/model.pth"
}