{"epoch":{"0":1,"1":2,"2":3,"3":4,"4":5,"5":6,"6":7,"7":8,"8":9,"9":10,"10":11,"11":12,"12":13,"13":14,"14":15,"15":16,"16":17,"17":18,"18":19,"19":20,"20":21,"21":22,"22":23,"23":24,"24":25,"25":26,"26":27,"27":28,"28":29,"29":30},"train_loss":{"0":3.506112922,"1":2.3496612422,"2":2.1993672117,"3":2.113095328,"4":2.0439952215,"5":1.9623833497,"6":1.8976043224,"7":1.8066208967,"8":1.7597451655,"9":1.6838235426,"10":1.6373768044,"11":1.567443943,"12":1.5134716352,"13":1.4626907698,"14":1.4410956987,"15":1.3879643027,"16":1.3577040132,"17":1.3121887779,"18":1.2894859982,"19":1.2447746277,"20":1.2320588652,"21":1.2265733449,"22":1.2082961893,"23":1.2245529111,"24":1.1969241142,"25":1.1986019897,"26":1.2083898703,"27":1.2046470579,"28":1.1939837186,"29":1.1893175658},"train_acc":{"0":0.1229166667,"1":0.1535416667,"2":0.21375,"3":0.2483333333,"4":0.2860416667,"5":0.3141666667,"6":0.3389583333,"7":0.3795833333,"8":0.3966666667,"9":0.424375,"10":0.4435416667,"11":0.4652083333,"12":0.484375,"13":0.5116666667,"14":0.5110416667,"15":0.5310416667,"16":0.5377083333,"17":0.5466666667,"18":0.5585416667,"19":0.5808333333,"20":0.5775,"21":0.58625,"22":0.5941666667,"23":0.5902083333,"24":0.590625,"25":0.5939583333,"26":0.58375,"27":0.594375,"28":0.6022916667,"29":0.599375},"test_loss":{"0":2.152341191,"1":2.0546704674,"2":1.962429657,"3":1.878118604,"4":1.7998742278,"5":1.709800849,"6":1.6359434621,"7":1.5727456554,"8":1.5064987946,"9":1.4338398631,"10":1.3826469549,"11":1.3393520784,"12":1.3243010124,"13":1.2693730434,"14":1.2504891729,"15":1.2327853187,"16":1.2058675559,"17":1.1741987038,"18":1.1413522577,"19":1.1236534309,"20":1.1202381913,"21":1.1227591022,"22":1.1142513339,"23":1.1139613994,"24":1.1115490325,"25":1.1141868782,"26":1.1073563751,"27":1.1047775189,"28":1.1027516572,"29":1.1086493381},"test_acc":{"0":0.2616666667,"1":0.3116666667,"2":0.3941666667,"3":0.4133333333,"4":0.4525,"5":0.4891666667,"6":0.4925,"7":0.4983333333,"8":0.5083333333,"9":0.53,"10":0.5533333333,"11":0.5508333333,"12":0.5458333333,"13":0.565,"14":0.565,"15":0.5716666667,"16":0.58,"17":0.5908333333,"18":0.6041666667,"19":0.6116666667,"20":0.6125,"21":0.6166666667,"22":0.62,"23":0.6166666667,"24":0.6183333333,"25":0.6183333333,"26":0.62,"27":0.6183333333,"28":0.6225,"29":0.6183333333},"lr":{"0":0.0001,"1":0.0001,"2":0.0001,"3":0.0001,"4":0.0001,"5":0.0001,"6":0.0001,"7":0.0001,"8":0.0001,"9":0.0001,"10":0.0001,"11":0.0001,"12":0.0001,"13":0.0001,"14":0.0001,"15":0.0001,"16":0.0001,"17":0.0001,"18":0.0001,"19":0.0001,"20":0.00001,"21":0.00001,"22":0.00001,"23":0.00001,"24":0.00001,"25":0.00001,"26":0.00001,"27":0.00001,"28":0.00001,"29":0.00001},"epoch_time_s":{"0":85.0037879944,"1":60.7019138336,"2":58.8452837467,"3":58.2025568485,"4":71.0760231018,"5":68.3352482319,"6":60.1301009655,"7":59.8812646866,"8":61.2815239429,"9":59.7876389027,"10":57.9048728943,"11":56.9929306507,"12":57.5712170601,"13":59.7182290554,"14":60.0279381275,"15":59.2230620384,"16":57.0688478947,"17":78.4317486286,"18":68.7451989651,"19":62.5566637516,"20":60.1286840439,"21":59.0468449593,"22":58.38104105,"23":58.8287677765,"24":59.2037029266,"25":60.4180800915,"26":57.864882946,"27":60.3764300346,"28":59.6181471348,"29":58.738628149}}