{
    "model_name": "alexnet",
    "optimizer": "SGD",
    "nesterov_flag": false,
    "lr": 0.0001,
    "weight_decay": 0.0005,
    "weight_init": "kaiming",
    "dropout_rate": 0.0,
    "label_smoothing": 0.0,
    "lr_schedule": "one_cycle",
    "batch_size": 128,
    "use_augment": false,
    "protocol": "Fixed Wall-Clock Time",
    "wall_clock_budget_s": 1800,
    "seed": 42,
    "device": "mps",
    "num_epochs_run": 33,
    "total_train_time_s": 1838.4675796031952,
    "epoch_times_s": [
        57.611212730407715,
        55.662139892578125,
        54.87095594406128,
        55.02117705345154,
        54.93876099586487,
        55.06166625022888,
        55.25270128250122,
        55.20425009727478,
        55.104198932647705,
        55.518226861953735,
        55.321622133255005,
        54.890331983566284,
        54.16316223144531,
        55.76567721366882,
        54.66698598861694,
        55.2645800113678,
        55.382164001464844,
        54.65151596069336,
        57.99914002418518,
        57.20718479156494,
        57.62454915046692,
        57.786563873291016,
        58.12299132347107,
        57.75612211227417,
        55.11208391189575,
        54.478716135025024,
        56.21344590187073,
        53.89488983154297,
        55.398828983306885,
        56.68816018104553,
        54.68845796585083,
        54.99145293235779,
        56.15366291999817
    ],
    "epoch_lrs": [
        4.000000000000002e-06,
        4.731359342517608e-06,
        6.903150433075093e-06,
        1.044919161733598e-05,
        1.5261423297422723e-05,
        2.1193200865102327e-05,
        2.8063763447797404e-05,
        3.566374228995768e-05,
        4.376154091120189e-05,
        5.211039261671865e-05,
        6.045588029425285e-05,
        6.85436893446032e-05,
        7.612735748820835e-05,
        8.29757852855942e-05,
        8.888027850129511e-05,
        9.366090770713879e-05,
        9.717199132675832e-05,
        9.930653503483832e-05,
        9.999990313383577e-05,
        9.985273885988758e-05,
        9.942677896656872e-05,
        9.872440559438798e-05,
        9.774954670015166e-05,
        9.65076540902358e-05,
        9.500567293187344e-05,
        9.325200291296221e-05,
        9.125645126760246e-05,
        8.903017793006591e-05,
        8.658563312391629e-05,
        8.393648773530897e-05,
        8.109755685985018e-05,
        7.808471695057266e-05,
        7.491481703037036e-05
    ],
    "best_val_acc": 0.5825,
    "final_test_acc": 0.582014987510408,
    "final_test_loss": 1.192669820031159,
    "model_file": "/Users/josealmendarez/Desktop/Lab2CNNModel/results/alexnet/exp_13/model.pth"
}