{"epoch":{"0":1,"1":2,"2":3,"3":4,"4":5,"5":6,"6":7,"7":8,"8":9,"9":10,"10":11,"11":12,"12":13,"13":14,"14":15,"15":16,"16":17,"17":18,"18":19,"19":20,"20":21,"21":22,"22":23,"23":24,"24":25,"25":26,"26":27,"27":28,"28":29,"29":30,"30":31,"31":32,"32":33},"train_loss":{"0":4.6880933158,"1":3.4799142774,"2":2.9315670554,"3":2.6332978058,"4":2.5259641488,"5":2.4072568671,"6":2.3421119118,"7":2.282345829,"8":2.225357186,"9":2.1797021357,"10":2.1387695821,"11":2.0978447469,"12":2.0463304838,"13":2.0093942086,"14":1.9600137266,"15":1.9192281151,"16":1.8830673043,"17":1.8411326726,"18":1.788257424,"19":1.7429460335,"20":1.7172454166,"21":1.6767890676,"22":1.6261028099,"23":1.5949307378,"24":1.5753744443,"25":1.5372099066,"26":1.4990966765,"27":1.4404676739,"28":1.4402881591,"29":1.4203606574,"30":1.3757122898,"31":1.3619796753,"32":1.3347576443},"train_acc":{"0":0.103125,"1":0.1133333333,"2":0.1133333333,"3":0.131875,"4":0.125625,"5":0.1439583333,"6":0.160625,"7":0.1747916667,"8":0.1979166667,"9":0.22,"10":0.2402083333,"11":0.2595833333,"12":0.2829166667,"13":0.2875,"14":0.3189583333,"15":0.3304166667,"16":0.3414583333,"17":0.36875,"18":0.3770833333,"19":0.4035416667,"20":0.4108333333,"21":0.415,"22":0.4470833333,"23":0.46,"24":0.4564583333,"25":0.4752083333,"26":0.4870833333,"27":0.5077083333,"28":0.5154166667,"29":0.5172916667,"30":0.5335416667,"31":0.5435416667,"32":0.550625},"test_loss":{"0":2.6888438384,"1":2.342494421,"2":2.2655418746,"3":2.2026189327,"4":2.1574101098,"5":2.11655399,"6":2.0749334971,"7":2.0471874777,"8":2.004073836,"9":1.9650004355,"10":1.9187044986,"11":1.87697251,"12":1.8255315781,"13":1.7836559677,"14":1.7311366526,"15":1.6821556298,"16":1.6379321591,"17":1.5951641591,"18":1.5455587912,"19":1.4998653666,"20":1.4685392173,"21":1.4428127623,"22":1.4065059026,"23":1.3763000234,"24":1.3439150731,"25":1.3155062501,"26":1.3001317104,"27":1.2744150225,"28":1.2552936776,"29":1.2414872503,"30":1.213868734,"31":1.2033123191,"32":1.1936637115},"test_acc":{"0":0.1091666667,"1":0.1433333333,"2":0.1783333333,"3":0.2191666667,"4":0.2741666667,"5":0.3075,"6":0.3466666667,"7":0.3383333333,"8":0.3816666667,"9":0.3858333333,"10":0.4058333333,"11":0.4275,"12":0.4341666667,"13":0.4475,"14":0.4616666667,"15":0.4683333333,"16":0.4891666667,"17":0.4858333333,"18":0.5025,"19":0.5158333333,"20":0.5141666667,"21":0.5241666667,"22":0.5366666667,"23":0.5391666667,"24":0.5458333333,"25":0.5616666667,"26":0.5575,"27":0.5541666667,"28":0.5708333333,"29":0.575,"30":0.5766666667,"31":0.5766666667,"32":0.5825},"lr":{"0":0.000004,"1":0.0000047314,"2":0.0000069032,"3":0.0000104492,"4":0.0000152614,"5":0.0000211932,"6":0.0000280638,"7":0.0000356637,"8":0.0000437615,"9":0.0000521104,"10":0.0000604559,"11":0.0000685437,"12":0.0000761274,"13":0.0000829758,"14":0.0000888803,"15":0.0000936609,"16":0.000097172,"17":0.0000993065,"18":0.0000999999,"19":0.0000998527,"20":0.0000994268,"21":0.0000987244,"22":0.0000977495,"23":0.0000965077,"24":0.0000950057,"25":0.000093252,"26":0.0000912565,"27":0.0000890302,"28":0.0000865856,"29":0.0000839365,"30":0.0000810976,"31":0.0000780847,"32":0.0000749148},"epoch_time_s":{"0":57.6112127304,"1":55.6621398926,"2":54.8709559441,"3":55.0211770535,"4":54.9387609959,"5":55.0616662502,"6":55.2527012825,"7":55.2042500973,"8":55.1041989326,"9":55.518226862,"10":55.3216221333,"11":54.8903319836,"12":54.1631622314,"13":55.7656772137,"14":54.6669859886,"15":55.2645800114,"16":55.3821640015,"17":54.6515159607,"18":57.9991400242,"19":57.2071847916,"20":57.6245491505,"21":57.7865638733,"22":58.1229913235,"23":57.7561221123,"24":55.1120839119,"25":54.478716135,"26":56.2134459019,"27":53.8948898315,"28":55.3988289833,"29":56.688160181,"30":54.6884579659,"31":54.9914529324,"32":56.15366292}}