{
    "model_name": "alexnet",
    "optimizer": "SGD",
    "nesterov_flag": false,
    "lr": 0.0001,
    "weight_decay": 0.0005,
    "weight_init": "kaiming",
    "dropout_rate": 0.0,
    "label_smoothing": 0.0,
    "lr_schedule": "cosine",
    "batch_size": 128,
    "use_augment": false,
    "protocol": "Fixed Wall-Clock Time",
    "wall_clock_budget_s": 1800,
    "seed": 2025,
    "device": "mps",
    "num_epochs_run": 32,
    "total_train_time_s": 1807.359765291214,
    "epoch_times_s": [
        55.88519597053528,
        56.82611918449402,
        57.435678243637085,
        56.90723204612732,
        56.26273584365845,
        58.033859968185425,
        56.76636600494385,
        56.44182109832764,
        56.74636483192444,
        56.71209120750427,
        58.346168994903564,
        56.586689949035645,
        56.09264779090881,
        58.09268403053284,
        58.43726110458374,
        53.91469597816467,
        56.33445906639099,
        56.223270893096924,
        55.88175368309021,
        55.97914695739746,
        55.65629601478577,
        59.833138942718506,
        53.81844091415405,
        55.56964898109436,
        55.864665031433105,
        55.15357685089111,
        55.22284269332886,
        56.439087867736816,
        55.7826189994812,
        56.02681016921997,
        57.576972007751465,
        56.50942397117615
    ],
    "epoch_lrs": [
        0.0001,
        9.99314767377287e-05,
        9.972609476841367e-05,
        9.93844170297569e-05,
        9.89073800366903e-05,
        9.829629131445343e-05,
        9.75528258147577e-05,
        9.66790213248601e-05,
        9.567727288213006e-05,
        9.455032620941841e-05,
        9.330127018922197e-05,
        9.193352839727123e-05,
        9.04508497187474e-05,
        8.885729807284857e-05,
        8.715724127386973e-05,
        8.53553390593274e-05,
        8.345653031794293e-05,
        8.146601955249188e-05,
        7.938926261462367e-05,
        7.723195175075136e-05,
        7.500000000000002e-05,
        7.269952498697736e-05,
        7.033683215379003e-05,
        6.791839747726505e-05,
        6.54508497187474e-05,
        6.294095225512606e-05,
        6.0395584540887984e-05,
        5.782172325201157e-05,
        5.52264231633827e-05,
        5.261679781214721e-05,
        5.0000000000000036e-05,
        4.738320218785284e-05
    ],
    "best_val_acc": 0.6458333333333334,
    "final_test_acc": 0.6452955870108243,
    "final_test_loss": 1.0274731392268832,
    "model_file": "/Users/josealmendarez/Desktop/Lab2CNNModel/results/alexnet/exp_6/model.pth"
}