{"epoch":{"0":1,"1":2,"2":3,"3":4,"4":5,"5":6,"6":7,"7":8,"8":9,"9":10,"10":11,"11":12,"12":13,"13":14,"14":15,"15":16,"16":17,"17":18,"18":19,"19":20,"20":21,"21":22,"22":23,"23":24,"24":25,"25":26,"26":27,"27":28,"28":29,"29":30,"30":31,"31":32},"train_loss":{"0":3.506112922,"1":2.3489867401,"2":2.1974886195,"3":2.1134493796,"4":2.0423809338,"5":1.9632883263,"6":1.8977233839,"7":1.8120511468,"8":1.7632902114,"9":1.6892164024,"10":1.6462355534,"11":1.5844308599,"12":1.527126042,"13":1.4840822109,"14":1.4593130112,"15":1.4113112052,"16":1.3837225056,"17":1.3444020891,"18":1.3240191078,"19":1.2811500613,"20":1.2705068239,"21":1.2522505236,"22":1.2192422907,"23":1.2134381755,"24":1.1771871805,"25":1.1686118793,"26":1.1581006861,"27":1.144552021,"28":1.1256114912,"29":1.1095848862,"30":1.0929046408,"31":1.0987757635},"train_acc":{"0":0.1229166667,"1":0.1529166667,"2":0.2133333333,"3":0.2408333333,"4":0.2822916667,"5":0.3152083333,"6":0.3364583333,"7":0.3814583333,"8":0.3983333333,"9":0.4227083333,"10":0.4402083333,"11":0.4597916667,"12":0.4797916667,"13":0.5035416667,"14":0.5110416667,"15":0.5260416667,"16":0.528125,"17":0.53625,"18":0.5458333333,"19":0.5645833333,"20":0.5666666667,"21":0.5758333333,"22":0.5875,"23":0.58875,"24":0.60125,"25":0.61,"26":0.6047916667,"27":0.6185416667,"28":0.6229166667,"29":0.62375,"30":0.6222916667,"31":0.6252083333},"test_loss":{"0":2.152341191,"1":2.0515237808,"2":1.9605509981,"3":1.8737347651,"4":1.7958962695,"5":1.7129239527,"6":1.6442509604,"7":1.5787707535,"8":1.5115243769,"9":1.4432787704,"10":1.3987996594,"11":1.3595072412,"12":1.3400186014,"13":1.2853817733,"14":1.2660346778,"15":1.2512547477,"16":1.230071737,"17":1.1977777052,"18":1.1694435962,"19":1.1504331144,"20":1.1341862567,"21":1.1308253511,"22":1.110201486,"23":1.1200967995,"24":1.1015932671,"25":1.0817344864,"26":1.0804874118,"27":1.0719340841,"28":1.0676377892,"29":1.039473056,"30":1.0503134704,"31":1.0283293668},"test_acc":{"0":0.2616666667,"1":0.325,"2":0.3891666667,"3":0.4183333333,"4":0.4491666667,"5":0.4833333333,"6":0.4925,"7":0.4891666667,"8":0.5133333333,"9":0.5316666667,"10":0.55,"11":0.5383333333,"12":0.5383333333,"13":0.56,"14":0.5583333333,"15":0.5616666667,"16":0.5775,"17":0.5733333333,"18":0.59,"19":0.5908333333,"20":0.6033333333,"21":0.6091666667,"22":0.6158333333,"23":0.6166666667,"24":0.6191666667,"25":0.6233333333,"26":0.6216666667,"27":0.6233333333,"28":0.6316666667,"29":0.6425,"30":0.6383333333,"31":0.6458333333},"lr":{"0":0.0001,"1":0.0000999315,"2":0.0000997261,"3":0.0000993844,"4":0.0000989074,"5":0.0000982963,"6":0.0000975528,"7":0.000096679,"8":0.0000956773,"9":0.0000945503,"10":0.0000933013,"11":0.0000919335,"12":0.0000904508,"13":0.0000888573,"14":0.0000871572,"15":0.0000853553,"16":0.0000834565,"17":0.000081466,"18":0.0000793893,"19":0.000077232,"20":0.000075,"21":0.0000726995,"22":0.0000703368,"23":0.0000679184,"24":0.0000654508,"25":0.000062941,"26":0.0000603956,"27":0.0000578217,"28":0.0000552264,"29":0.0000526168,"30":0.00005,"31":0.0000473832},"epoch_time_s":{"0":55.8851959705,"1":56.8261191845,"2":57.4356782436,"3":56.9072320461,"4":56.2627358437,"5":58.0338599682,"6":56.7663660049,"7":56.4418210983,"8":56.7463648319,"9":56.7120912075,"10":58.3461689949,"11":56.586689949,"12":56.0926477909,"13":58.0926840305,"14":58.4372611046,"15":53.9146959782,"16":56.3344590664,"17":56.2232708931,"18":55.8817536831,"19":55.9791469574,"20":55.6562960148,"21":59.8331389427,"22":53.8184409142,"23":55.5696489811,"24":55.8646650314,"25":55.1535768509,"26":55.2228426933,"27":56.4390878677,"28":55.7826189995,"29":56.0268101692,"30":57.5769720078,"31":56.5094239712}}