{
    "model_name": "alexnet",
    "optimizer": "SGD",
    "nesterov_flag": false,
    "lr": 0.01,
    "weight_decay": 0.0005,
    "weight_init": "kaiming",
    "dropout_rate": 0.0,
    "label_smoothing": 0.0,
    "lr_schedule": "one_cycle",
    "batch_size": 128,
    "use_augment": false,
    "protocol": "Fixed Wall-Clock Time",
    "wall_clock_budget_s": 1800,
    "seed": 123,
    "device": "mps",
    "num_epochs_run": 33,
    "total_train_time_s": 1835.4865672588348,
    "epoch_times_s": [
        56.75425481796265,
        53.451345920562744,
        53.878113746643066,
        54.16556787490845,
        52.921842098236084,
        53.364535093307495,
        53.49674987792969,
        55.42708706855774,
        57.305660247802734,
        55.09259605407715,
        54.67712688446045,
        55.228015184402466,
        54.70670700073242,
        55.52695083618164,
        54.76912784576416,
        54.983423948287964,
        55.875908851623535,
        55.400310039520264,
        56.99137091636658,
        56.419219970703125,
        55.280027866363525,
        56.47821092605591,
        56.711875200271606,
        54.3336079120636,
        55.830621004104614,
        54.4097261428833,
        55.13196301460266,
        57.05825901031494,
        59.40190887451172,
        57.64797377586365,
        57.56383204460144,
        57.24939322471619,
        57.953253984451294
    ],
    "epoch_lrs": [
        0.0003999999999999993,
        0.00047313593425176055,
        0.000690315043307509,
        0.001044919161733597,
        0.0015261423297422711,
        0.002119320086510232,
        0.0028063763447797397,
        0.0035663742289957666,
        0.004376154091120188,
        0.0052110392616718645,
        0.0060455880294252844,
        0.006854368934460318,
        0.007612735748820834,
        0.008297578528559418,
        0.00888802785012951,
        0.009366090770713879,
        0.009717199132675831,
        0.009930653503483832,
        0.009999990313383576,
        0.00998527388598876,
        0.009942677896656872,
        0.009872440559438797,
        0.009774954670015166,
        0.00965076540902358,
        0.009500567293187342,
        0.00932520029129622,
        0.009125645126760246,
        0.00890301779300659,
        0.00865856331239163,
        0.008393648773530897,
        0.008109755685985017,
        0.007808471695057266,
        0.007491481703037035
    ],
    "best_val_acc": 0.9216666666666666,
    "final_test_acc": 0.9208992506244796,
    "final_test_loss": 0.28973311563018556,
    "model_file": "/Users/josealmendarez/Desktop/Lab2CNNModel/results/alexnet/exp_11/model.pth"
}