{"epoch":{"0":1,"1":2,"2":3,"3":4,"4":5,"5":6,"6":7,"7":8,"8":9,"9":10,"10":11,"11":12,"12":13,"13":14,"14":15,"15":16,"16":17,"17":18,"18":19,"19":20,"20":21,"21":22,"22":23,"23":24,"24":25,"25":26,"26":27,"27":28,"28":29,"29":30,"30":31,"31":32,"32":33},"train_loss":{"0":2.6842077637,"1":2.1439221255,"2":1.7631055069,"3":1.3053961372,"4":1.0490104119,"5":0.8810374133,"6":0.7440041494,"7":0.6109160399,"8":0.5234389687,"9":0.4781100933,"10":0.4111151274,"11":0.3550141788,"12":0.3090623546,"13":0.2755575554,"14":0.2326351027,"15":0.1945706141,"16":0.1638045452,"17":0.1530621405,"18":0.1489519099,"19":0.112028801,"20":0.0976880692,"21":0.0983144974,"22":0.0825653271,"23":0.0780897092,"24":0.0625456933,"25":0.0504678718,"26":0.0519700971,"27":0.0480142976,"28":0.0396909003,"29":0.0413961775,"30":0.0325508994,"31":0.0339344476,"32":0.0299431516},"train_acc":{"0":0.1208333333,"1":0.2341666667,"2":0.3954166667,"3":0.54875,"4":0.64125,"5":0.6970833333,"6":0.743125,"7":0.7864583333,"8":0.8154166667,"9":0.841875,"10":0.856875,"11":0.884375,"12":0.898125,"13":0.9052083333,"14":0.9210416667,"15":0.93125,"16":0.943125,"17":0.9472916667,"18":0.9491666667,"19":0.961875,"20":0.9666666667,"21":0.9639583333,"22":0.9739583333,"23":0.9733333333,"24":0.9783333333,"25":0.9816666667,"26":0.983125,"27":0.9839583333,"28":0.9854166667,"29":0.9872916667,"30":0.9889583333,"31":0.986875,"32":0.989375},"test_loss":{"0":2.1930191676,"1":1.9092538579,"2":1.3304515489,"3":1.1306848812,"4":0.9615562256,"5":0.8057918859,"6":0.6869590378,"7":0.6084762736,"8":0.7829501585,"9":0.5568791757,"10":0.4541558937,"11":0.5303913087,"12":0.3941701857,"13":0.4097472458,"14":0.3423709494,"15":0.3556153527,"16":0.4456329767,"17":0.4276928361,"18":0.4071955554,"19":0.3413845957,"20":0.2941352014,"21":0.364420025,"22":0.374874595,"23":0.3711404678,"24":0.3408915911,"25":0.395127486,"26":0.3465848086,"27":0.3728658721,"28":0.4373653258,"29":0.3781954433,"30":0.3957564305,"31":0.3997780258,"32":0.2899745599},"test_acc":{"0":0.1983333333,"1":0.3733333333,"2":0.5533333333,"3":0.5916666667,"4":0.6566666667,"5":0.6975,"6":0.7583333333,"7":0.7766666667,"8":0.7291666667,"9":0.8066666667,"10":0.8408333333,"11":0.8391666667,"12":0.8683333333,"13":0.8516666667,"14":0.8816666667,"15":0.8791666667,"16":0.865,"17":0.8783333333,"18":0.8825,"19":0.8958333333,"20":0.905,"21":0.8925,"22":0.8991666667,"23":0.9058333333,"24":0.9083333333,"25":0.9108333333,"26":0.92,"27":0.9041666667,"28":0.895,"29":0.91,"30":0.9083333333,"31":0.8983333333,"32":0.9216666667},"lr":{"0":0.0004,"1":0.0004731359,"2":0.000690315,"3":0.0010449192,"4":0.0015261423,"5":0.0021193201,"6":0.0028063763,"7":0.0035663742,"8":0.0043761541,"9":0.0052110393,"10":0.006045588,"11":0.0068543689,"12":0.0076127357,"13":0.0082975785,"14":0.0088880279,"15":0.0093660908,"16":0.0097171991,"17":0.0099306535,"18":0.0099999903,"19":0.0099852739,"20":0.0099426779,"21":0.0098724406,"22":0.0097749547,"23":0.0096507654,"24":0.0095005673,"25":0.0093252003,"26":0.0091256451,"27":0.0089030178,"28":0.0086585633,"29":0.0083936488,"30":0.0081097557,"31":0.0078084717,"32":0.0074914817},"epoch_time_s":{"0":56.754254818,"1":53.4513459206,"2":53.8781137466,"3":54.1655678749,"4":52.9218420982,"5":53.3645350933,"6":53.4967498779,"7":55.4270870686,"8":57.3056602478,"9":55.0925960541,"10":54.6771268845,"11":55.2280151844,"12":54.7067070007,"13":55.5269508362,"14":54.7691278458,"15":54.9834239483,"16":55.8759088516,"17":55.4003100395,"18":56.9913709164,"19":56.4192199707,"20":55.2800278664,"21":56.4782109261,"22":56.7118752003,"23":54.3336079121,"24":55.8306210041,"25":54.4097261429,"26":55.1319630146,"27":57.0582590103,"28":59.4019088745,"29":57.6479737759,"30":57.5638320446,"31":57.2493932247,"32":57.9532539845}}