{
    "model_name": "alexnet",
    "optimizer": "SGD",
    "nesterov_flag": false,
    "lr": 0.0001,
    "weight_decay": 0.0005,
    "weight_init": "kaiming",
    "dropout_rate": 0.0,
    "label_smoothing": 0.0,
    "lr_schedule": "step",
    "batch_size": 128,
    "use_augment": false,
    "protocol": "Fixed Wall-Clock Time",
    "wall_clock_budget_s": 1800,
    "seed": 42,
    "device": "mps",
    "num_epochs_run": 31,
    "total_train_time_s": 1807.5864870548248,
    "epoch_times_s": [
        59.1214382648468,
        56.677881956100464,
        57.09784984588623,
        57.44287705421448,
        57.61776304244995,
        56.72844910621643,
        57.842649936676025,
        56.29887819290161,
        60.8949408531189,
        55.845921993255615,
        56.16584897041321,
        59.27331209182739,
        56.625962018966675,
        56.934865951538086,
        58.49068212509155,
        55.671648025512695,
        57.101682901382446,
        58.24893116950989,
        57.80523085594177,
        57.61403799057007,
        57.53361892700195,
        57.00256419181824,
        57.84403896331787,
        68.84636211395264,
        70.58851480484009,
        59.930413246154785,
        56.64165687561035,
        57.99685978889465,
        57.88195085525513,
        56.69470000267029,
        57.12495493888855
    ],
    "epoch_lrs": [
        0.0001,
        0.0001,
        0.0001,
        0.0001,
        0.0001,
        0.0001,
        0.0001,
        0.0001,
        0.0001,
        0.0001,
        0.0001,
        0.0001,
        0.0001,
        0.0001,
        0.0001,
        0.0001,
        0.0001,
        0.0001,
        0.0001,
        0.0001,
        1e-05,
        1e-05,
        1e-05,
        1e-05,
        1e-05,
        1e-05,
        1e-05,
        1e-05,
        1e-05,
        1e-05,
        1e-05
    ],
    "best_val_acc": 0.6041666666666666,
    "final_test_acc": 0.6036636136552873,
    "final_test_loss": 1.1300568544894432,
    "model_file": "/Users/josealmendarez/Desktop/Lab2CNNModel/results/alexnet/exp_7/model.pth"
}