{"epoch":{"0":1,"1":2,"2":3,"3":4,"4":5,"5":6,"6":7,"7":8,"8":9,"9":10,"10":11,"11":12,"12":13,"13":14,"14":15,"15":16,"16":17,"17":18,"18":19,"19":20,"20":21,"21":22,"22":23,"23":24,"24":25,"25":26,"26":27,"27":28,"28":29,"29":30,"30":31},"train_loss":{"0":3.1135920175,"1":2.3469706345,"2":2.2270833715,"3":2.1381839752,"4":2.0954286003,"5":2.0257814439,"6":1.9673711125,"7":1.9064258703,"8":1.8348097674,"9":1.7742267593,"10":1.7065959422,"11":1.6539908695,"12":1.6046811263,"13":1.5548403152,"14":1.5043713506,"15":1.45531497,"16":1.4232749557,"17":1.3821772114,"18":1.3320468728,"19":1.2923640315,"20":1.2872981612,"21":1.271628569,"22":1.2608976189,"23":1.2576838891,"24":1.2677487214,"25":1.2637929471,"26":1.2590978336,"27":1.2301235135,"28":1.2453296852,"29":1.2491212241,"30":1.2330575339},"train_acc":{"0":0.12375,"1":0.1597916667,"2":0.1935416667,"3":0.2372916667,"4":0.258125,"5":0.28375,"6":0.3166666667,"7":0.3302083333,"8":0.37375,"9":0.3945833333,"10":0.4152083333,"11":0.4314583333,"12":0.444375,"13":0.4716666667,"14":0.4814583333,"15":0.50375,"16":0.5147916667,"17":0.533125,"18":0.5441666667,"19":0.563125,"20":0.558125,"21":0.569375,"22":0.5689583333,"23":0.5685416667,"24":0.5566666667,"25":0.5629166667,"26":0.5725,"27":0.5779166667,"28":0.5745833333,"29":0.5733333333,"30":0.5845833333},"test_loss":{"0":2.1824010118,"1":2.0894490433,"2":2.0129213619,"3":1.9443169038,"4":1.8778089762,"5":1.7943099833,"6":1.7246807988,"7":1.6485372941,"8":1.5822758913,"9":1.531730539,"10":1.4580925194,"11":1.4083365393,"12":1.3661849769,"13":1.3320810382,"14":1.2831622744,"15":1.2666263755,"16":1.2303430541,"17":1.2080983686,"18":1.1687379694,"19":1.1567667437,"20":1.1557826217,"21":1.1522201331,"22":1.1468721883,"23":1.1450456063,"24":1.1418414259,"25":1.1397388824,"26":1.1374999603,"27":1.1319488716,"28":1.1306928444,"29":1.1310535796,"30":1.1309985685},"test_acc":{"0":0.25,"1":0.3266666667,"2":0.3825,"3":0.3891666667,"4":0.4033333333,"5":0.4541666667,"6":0.4783333333,"7":0.5033333333,"8":0.4958333333,"9":0.5125,"10":0.5408333333,"11":0.5433333333,"12":0.5533333333,"13":0.5608333333,"14":0.5741666667,"15":0.5683333333,"16":0.5708333333,"17":0.5866666667,"18":0.5941666667,"19":0.5958333333,"20":0.5916666667,"21":0.5941666667,"22":0.595,"23":0.5975,"24":0.5983333333,"25":0.5975,"26":0.5991666667,"27":0.6008333333,"28":0.6008333333,"29":0.6,"30":0.6041666667},"lr":{"0":0.0001,"1":0.0001,"2":0.0001,"3":0.0001,"4":0.0001,"5":0.0001,"6":0.0001,"7":0.0001,"8":0.0001,"9":0.0001,"10":0.0001,"11":0.0001,"12":0.0001,"13":0.0001,"14":0.0001,"15":0.0001,"16":0.0001,"17":0.0001,"18":0.0001,"19":0.0001,"20":0.00001,"21":0.00001,"22":0.00001,"23":0.00001,"24":0.00001,"25":0.00001,"26":0.00001,"27":0.00001,"28":0.00001,"29":0.00001,"30":0.00001},"epoch_time_s":{"0":59.1214382648,"1":56.6778819561,"2":57.0978498459,"3":57.4428770542,"4":57.6177630424,"5":56.7284491062,"6":57.8426499367,"7":56.2988781929,"8":60.8949408531,"9":55.8459219933,"10":56.1658489704,"11":59.2733120918,"12":56.625962019,"13":56.9348659515,"14":58.4906821251,"15":55.6716480255,"16":57.1016829014,"17":58.2489311695,"18":57.8052308559,"19":57.6140379906,"20":57.533618927,"21":57.0025641918,"22":57.8440389633,"23":68.846362114,"24":70.5885148048,"25":59.9304132462,"26":56.6416568756,"27":57.9968597889,"28":57.8819508553,"29":56.6947000027,"30":57.1249549389}}