{
    "model_name": "alexnet",
    "optimizer": "Adam",
    "nesterov_flag": false,
    "lr": 0.001,
    "weight_decay": 0.0458,
    "weight_init": "orthogonal",
    "dropout_rate": 0.5,
    "label_smoothing": 0.0,
    "lr_schedule": "constant+warmup",
    "batch_size": 128,
    "use_augment": true,
    "protocol": "Fixed Wall-Clock Time",
    "wall_clock_budget_s": 1800,
    "seed": 42,
    "device": "mps",
    "num_epochs_run": 31,
    "total_train_time_s": 1811.468232870102,
    "epoch_times_s": [
        59.11638402938843,
        57.16141486167908,
        58.430497884750366,
        57.45433497428894,
        57.169360876083374,
        59.22503399848938,
        58.109508752822876,
        60.63948607444763,
        58.13032603263855,
        57.2605619430542,
        57.80699324607849,
        57.95056700706482,
        58.584091901779175,
        58.65539622306824,
        57.02438807487488,
        58.92162609100342,
        57.993525981903076,
        58.40071892738342,
        59.63640093803406,
        57.50663113594055,
        58.924041986465454,
        58.754053831100464,
        57.86552810668945,
        60.389650106430054,
        57.49998998641968,
        58.7396399974823,
        58.25031495094299,
        58.74994468688965,
        59.336735010147095,
        60.122565031051636,
        57.658520221710205
    ],
    "epoch_lrs": [
        0.0002,
        0.0004,
        0.0006000000000000001,
        0.0008,
        0.001,
        0.001,
        0.001,
        0.001,
        0.001,
        0.001,
        0.001,
        0.001,
        0.001,
        0.001,
        0.001,
        0.001,
        0.001,
        0.001,
        0.001,
        0.001,
        0.001,
        0.001,
        0.001,
        0.001,
        0.001,
        0.001,
        0.001,
        0.001,
        0.001,
        0.001,
        0.001
    ],
    "best_val_acc": 0.7358333333333333,
    "final_test_acc": 0.675270607826811,
    "final_test_loss": 0.9486424670826883,
    "model_file": "/Users/josealmendarez/Desktop/Lab2CNNModel/results/alexnet/exp_16/model.pth"
}