{"epoch":{"0":1,"1":2,"2":3,"3":4,"4":5,"5":6,"6":7,"7":8,"8":9,"9":10,"10":11,"11":12,"12":13,"13":14,"14":15,"15":16,"16":17,"17":18,"18":19,"19":20,"20":21,"21":22,"22":23,"23":24,"24":25,"25":26,"26":27,"27":28,"28":29,"29":30,"30":31},"train_loss":{"0":2.260452954,"1":2.0985940043,"2":1.491890529,"3":1.3768047587,"4":1.4678516229,"5":1.3653236453,"6":1.2905294021,"7":1.0995905972,"8":1.0582651297,"9":1.0457658752,"10":0.9823197603,"11":0.9734732119,"12":0.9526409435,"13":0.9471686141,"14":0.9429842504,"15":0.9114577007,"16":0.8821420908,"17":0.8599854962,"18":0.8775773605,"19":0.853067975,"20":0.8284257094,"21":0.8605763706,"22":0.7897871343,"23":0.7794028425,"24":0.8061099855,"25":0.7827843459,"26":0.7852348789,"27":0.7527083945,"28":0.7735663716,"29":0.7658986799,"30":0.7736863311},"train_acc":{"0":0.159375,"1":0.2485416667,"2":0.5014583333,"3":0.539375,"4":0.4802083333,"5":0.538125,"6":0.5952083333,"7":0.6325,"8":0.644375,"9":0.64125,"10":0.6747916667,"11":0.6729166667,"12":0.68125,"13":0.674375,"14":0.6802083333,"15":0.69125,"16":0.704375,"17":0.7022916667,"18":0.705625,"19":0.72,"20":0.7233333333,"21":0.7147916667,"22":0.7416666667,"23":0.7460416667,"24":0.7383333333,"25":0.745625,"26":0.7427083333,"27":0.7564583333,"28":0.7477083333,"29":0.7525,"30":0.7466666667},"test_loss":{"0":2.0440118583,"1":1.7032776372,"2":1.4964133525,"3":1.6386604706,"4":1.466063242,"5":1.4744790665,"6":1.2389768648,"7":1.1867121196,"8":1.1501140205,"9":1.1057696613,"10":1.1625143035,"11":1.0848154823,"12":1.0790853516,"13":1.0456687442,"14":0.9871210821,"15":0.955673701,"16":0.9264959558,"17":1.1376096853,"18":1.0351329152,"19":0.8878825259,"20":0.9332062721,"21":0.8702997041,"22":0.852809066,"23":0.8430849433,"24":0.8320565979,"25":0.8183140922,"26":0.8746378231,"27":0.8254593801,"28":0.8606418546,"29":0.8645682001,"30":0.9494330025},"test_acc":{"0":0.3091666667,"1":0.4058333333,"2":0.4841666667,"3":0.4233333333,"4":0.4808333333,"5":0.5025,"6":0.5908333333,"7":0.5725,"8":0.59,"9":0.6258333333,"10":0.605,"11":0.6283333333,"12":0.6133333333,"13":0.615,"14":0.6391666667,"15":0.6725,"16":0.665,"17":0.625,"18":0.6483333333,"19":0.6883333333,"20":0.68,"21":0.705,"22":0.7108333333,"23":0.7025,"24":0.7358333333,"25":0.7308333333,"26":0.6925,"27":0.7191666667,"28":0.7175,"29":0.7166666667,"30":0.6758333333},"lr":{"0":0.0002,"1":0.0004,"2":0.0006,"3":0.0008,"4":0.001,"5":0.001,"6":0.001,"7":0.001,"8":0.001,"9":0.001,"10":0.001,"11":0.001,"12":0.001,"13":0.001,"14":0.001,"15":0.001,"16":0.001,"17":0.001,"18":0.001,"19":0.001,"20":0.001,"21":0.001,"22":0.001,"23":0.001,"24":0.001,"25":0.001,"26":0.001,"27":0.001,"28":0.001,"29":0.001,"30":0.001},"epoch_time_s":{"0":59.1163840294,"1":57.1614148617,"2":58.4304978848,"3":57.4543349743,"4":57.1693608761,"5":59.2250339985,"6":58.1095087528,"7":60.6394860744,"8":58.1303260326,"9":57.2605619431,"10":57.8069932461,"11":57.9505670071,"12":58.5840919018,"13":58.6553962231,"14":57.0243880749,"15":58.921626091,"16":57.9935259819,"17":58.4007189274,"18":59.636400938,"19":57.5066311359,"20":58.9240419865,"21":58.7540538311,"22":57.8655281067,"23":60.3896501064,"24":57.4999899864,"25":58.7396399975,"26":58.2503149509,"27":58.7499446869,"28":59.3367350101,"29":60.1225650311,"30":57.6585202217}}