{
    "model_name": "alexnet",
    "optimizer": "SGD",
    "nesterov_flag": false,
    "lr": 0.01,
    "weight_decay": 0.0005,
    "weight_init": "kaiming",
    "dropout_rate": 0.0,
    "label_smoothing": 0.0,
    "lr_schedule": "constant+warmup",
    "batch_size": 32,
    "use_augment": false,
    "protocol": "Fixed Wall-Clock Time",
    "wall_clock_budget_s": 1800,
    "seed": 42,
    "device": "mps",
    "num_epochs_run": 27,
    "total_train_time_s": 1867.3911726474762,
    "epoch_times_s": [
        67.71076703071594,
        66.54801297187805,
        65.62987422943115,
        69.1637749671936,
        66.79156994819641,
        66.74894309043884,
        66.48235011100769,
        68.79654788970947,
        70.98733687400818,
        69.85494875907898,
        71.04592108726501,
        71.26395392417908,
        73.8710732460022,
        71.44307518005371,
        67.80315804481506,
        67.67335987091064,
        68.30098700523376,
        67.92870092391968,
        69.26008987426758,
        70.69868803024292,
        68.25172090530396,
        67.44705104827881,
        70.74527096748352,
        69.14132523536682,
        69.38381910324097,
        69.39139032363892,
        75.02746200561523
    ],
    "epoch_lrs": [
        0.002,
        0.004,
        0.006,
        0.008,
        0.01,
        0.01,
        0.01,
        0.01,
        0.01,
        0.01,
        0.01,
        0.01,
        0.01,
        0.01,
        0.01,
        0.01,
        0.01,
        0.01,
        0.01,
        0.01,
        0.01,
        0.01,
        0.01,
        0.01,
        0.01,
        0.01,
        0.01
    ],
    "best_val_acc": 0.9275,
    "final_test_acc": 0.91,
    "final_test_loss": 0.47953176222198335,
    "model_file": "/Users/josealmendarez/Desktop/Lab2CNNModel/results/alexnet/exp_1/model.pth"
}