{"epoch":{"0":1,"1":2,"2":3,"3":4,"4":5,"5":6,"6":7,"7":8,"8":9,"9":10,"10":11,"11":12,"12":13,"13":14,"14":15,"15":16,"16":17,"17":18,"18":19,"19":20,"20":21,"21":22,"22":23,"23":24,"24":25,"25":26,"26":27},"train_loss":{"0":2.3905724263,"1":1.2886303473,"2":0.833351294,"3":0.6440065789,"4":0.5360350683,"5":0.3868058542,"6":0.2980123853,"7":0.2457686794,"8":0.2082660435,"9":0.149690778,"10":0.139547404,"11":0.1273374141,"12":0.1256773637,"13":0.1011251893,"14":0.0769208622,"15":0.0764407833,"16":0.0760184583,"17":0.069102708,"18":0.0776043037,"19":0.058354424,"20":0.0566811009,"21":0.0467044249,"22":0.0371426746,"23":0.0440579313,"24":0.0360729167,"25":0.0522989597,"26":0.0410015219},"train_acc":{"0":0.15875,"1":0.5658333333,"2":0.7252083333,"3":0.7808333333,"4":0.8183333333,"5":0.8727083333,"6":0.9027083333,"7":0.9197916667,"8":0.9329166667,"9":0.948125,"10":0.953125,"11":0.95625,"12":0.9604166667,"13":0.9675,"14":0.9777083333,"15":0.9758333333,"16":0.9747916667,"17":0.976875,"18":0.9785416667,"19":0.9804166667,"20":0.9820833333,"21":0.9860416667,"22":0.9877083333,"23":0.9858333333,"24":0.9866666667,"25":0.9841666667,"26":0.9883333333},"test_loss":{"0":2.0283385054,"1":1.1506137441,"2":0.6897358437,"3":0.6543116842,"4":0.5247780642,"5":0.4831445647,"6":0.4498892,"7":0.4235958622,"8":0.3693464391,"9":0.4384522373,"10":0.3785614244,"11":0.469237075,"12":0.3361422328,"13":0.3330486879,"14":0.3223974779,"15":0.3803868908,"16":0.385066557,"17":0.3574184892,"18":0.3262512433,"19":0.4284339683,"20":0.3853619929,"21":0.3196050713,"22":0.408807516,"23":0.4355268158,"24":0.3669548456,"25":0.3950982074,"26":0.4795317622},"test_acc":{"0":0.2916666667,"1":0.5916666667,"2":0.7558333333,"3":0.7875,"4":0.815,"5":0.8441666667,"6":0.85,"7":0.8758333333,"8":0.8808333333,"9":0.8883333333,"10":0.905,"11":0.895,"12":0.8983333333,"13":0.9091666667,"14":0.915,"15":0.8941666667,"16":0.9066666667,"17":0.9191666667,"18":0.9166666667,"19":0.9175,"20":0.915,"21":0.9275,"22":0.915,"23":0.9066666667,"24":0.905,"25":0.9258333333,"26":0.91},"lr":{"0":0.002,"1":0.004,"2":0.006,"3":0.008,"4":0.01,"5":0.01,"6":0.01,"7":0.01,"8":0.01,"9":0.01,"10":0.01,"11":0.01,"12":0.01,"13":0.01,"14":0.01,"15":0.01,"16":0.01,"17":0.01,"18":0.01,"19":0.01,"20":0.01,"21":0.01,"22":0.01,"23":0.01,"24":0.01,"25":0.01,"26":0.01},"epoch_time_s":{"0":67.7107670307,"1":66.5480129719,"2":65.6298742294,"3":69.1637749672,"4":66.7915699482,"5":66.7489430904,"6":66.482350111,"7":68.7965478897,"8":70.987336874,"9":69.8549487591,"10":71.0459210873,"11":71.2639539242,"12":73.871073246,"13":71.4430751801,"14":67.8031580448,"15":67.6733598709,"16":68.3009870052,"17":67.9287009239,"18":69.2600898743,"19":70.6986880302,"20":68.2517209053,"21":67.4470510483,"22":70.7452709675,"23":69.1413252354,"24":69.3838191032,"25":69.3913903236,"26":75.0274620056}}