{
    "model_name": "alexnet",
    "optimizer": "SGD",
    "nesterov_flag": false,
    "lr": 0.0001,
    "weight_decay": 0.0005,
    "weight_init": "kaiming",
    "dropout_rate": 0.0,
    "label_smoothing": 0.0,
    "lr_schedule": "step",
    "batch_size": 128,
    "use_augment": false,
    "protocol": "Fixed Wall-Clock Time",
    "wall_clock_budget_s": 1800,
    "seed": 123,
    "device": "mps",
    "num_epochs_run": 32,
    "total_train_time_s": 1857.4723603725433,
    "epoch_times_s": [
        56.20559310913086,
        56.23526096343994,
        56.64314293861389,
        60.685126066207886,
        58.22320103645325,
        57.13845491409302,
        55.77183794975281,
        58.12642788887024,
        56.525338888168335,
        56.35221815109253,
        57.694458961486816,
        56.629371881484985,
        57.29214310646057,
        55.93754315376282,
        56.255192041397095,
        57.720022201538086,
        58.15401887893677,
        56.91553997993469,
        56.453852891922,
        56.67353129386902,
        58.44199323654175,
        57.187105655670166,
        56.62378001213074,
        57.848413944244385,
        56.69824004173279,
        58.1914849281311,
        56.15002179145813,
        56.550143003463745,
        63.26148819923401,
        59.17308807373047,
        70.75548601150513,
        64.95883917808533
    ],
    "epoch_lrs": [
        0.0001,
        0.0001,
        0.0001,
        0.0001,
        0.0001,
        0.0001,
        0.0001,
        0.0001,
        0.0001,
        0.0001,
        0.0001,
        0.0001,
        0.0001,
        0.0001,
        0.0001,
        0.0001,
        0.0001,
        0.0001,
        0.0001,
        0.0001,
        1e-05,
        1e-05,
        1e-05,
        1e-05,
        1e-05,
        1e-05,
        1e-05,
        1e-05,
        1e-05,
        1e-05,
        1e-05,
        1e-05
    ],
    "best_val_acc": 0.5716666666666667,
    "final_test_acc": 0.5711906744379683,
    "final_test_loss": 1.166725323857316,
    "model_file": "/Users/josealmendarez/Desktop/Lab2CNNModel/results/alexnet/exp_8/model.pth"
}