{"epoch":{"0":1,"1":2,"2":3,"3":4,"4":5,"5":6,"6":7,"7":8,"8":9,"9":10,"10":11,"11":12,"12":13,"13":14,"14":15,"15":16,"16":17,"17":18,"18":19,"19":20,"20":21,"21":22,"22":23,"23":24,"24":25,"25":26,"26":27,"27":28,"28":29,"29":30,"30":31,"31":32},"train_loss":{"0":3.1916152159,"1":2.3786898168,"2":2.2629515934,"3":2.2062082195,"4":2.138806235,"5":2.077048165,"6":2.0167351151,"7":1.936245834,"8":1.8835786057,"9":1.8166214434,"10":1.7807462994,"11":1.6935453272,"12":1.6395249049,"13":1.6061806552,"14":1.5297007402,"15":1.4891803726,"16":1.4411863867,"17":1.4019244544,"18":1.3556513977,"19":1.3153849904,"20":1.3059305668,"21":1.3053383255,"22":1.2865839767,"23":1.2784941006,"24":1.2941522773,"25":1.278948226,"26":1.267314744,"27":1.270721035,"28":1.2663404179,"29":1.2481214809,"30":1.260835913,"31":1.2567859379},"train_acc":{"0":0.1060416667,"1":0.1429166667,"2":0.18,"3":0.2004166667,"4":0.233125,"5":0.266875,"6":0.29125,"7":0.321875,"8":0.3485416667,"9":0.3725,"10":0.38875,"11":0.425625,"12":0.4404166667,"13":0.4552083333,"14":0.4760416667,"15":0.4875,"16":0.498125,"17":0.52625,"18":0.5420833333,"19":0.5495833333,"20":0.5483333333,"21":0.55625,"22":0.5641666667,"23":0.5677083333,"24":0.55625,"25":0.565,"26":0.5783333333,"27":0.5645833333,"28":0.5683333333,"29":0.5791666667,"30":0.5735416667,"31":0.5752083333},"test_loss":{"0":2.2073085149,"1":2.1178237152,"2":2.0595300372,"3":1.9963825814,"4":1.943443176,"5":1.8759044631,"6":1.805447189,"7":1.7204683288,"8":1.6514529912,"9":1.5985448758,"10":1.5243872309,"11":1.4775907644,"12":1.438540295,"13":1.3886788416,"14":1.350655268,"15":1.3183170462,"16":1.272128377,"17":1.2590174611,"18":1.2359393819,"19":1.2074779749,"20":1.1994897485,"21":1.1953457284,"22":1.1902297219,"23":1.1863559985,"24":1.1841067417,"25":1.1815585653,"26":1.1820087433,"27":1.1782353711,"28":1.1776991049,"29":1.1728312039,"30":1.1725036438,"31":1.167697595},"test_acc":{"0":0.2158333333,"1":0.2891666667,"2":0.3325,"3":0.3566666667,"4":0.3466666667,"5":0.4175,"6":0.4325,"7":0.4758333333,"8":0.4875,"9":0.4741666667,"10":0.5108333333,"11":0.5,"12":0.51,"13":0.5216666667,"14":0.5225,"15":0.5266666667,"16":0.545,"17":0.5416666667,"18":0.5508333333,"19":0.5683333333,"20":0.5675,"21":0.5675,"22":0.5683333333,"23":0.5675,"24":0.5691666667,"25":0.5691666667,"26":0.565,"27":0.565,"28":0.5641666667,"29":0.5675,"30":0.5708333333,"31":0.5716666667},"lr":{"0":0.0001,"1":0.0001,"2":0.0001,"3":0.0001,"4":0.0001,"5":0.0001,"6":0.0001,"7":0.0001,"8":0.0001,"9":0.0001,"10":0.0001,"11":0.0001,"12":0.0001,"13":0.0001,"14":0.0001,"15":0.0001,"16":0.0001,"17":0.0001,"18":0.0001,"19":0.0001,"20":0.00001,"21":0.00001,"22":0.00001,"23":0.00001,"24":0.00001,"25":0.00001,"26":0.00001,"27":0.00001,"28":0.00001,"29":0.00001,"30":0.00001,"31":0.00001},"epoch_time_s":{"0":56.2055931091,"1":56.2352609634,"2":56.6431429386,"3":60.6851260662,"4":58.2232010365,"5":57.1384549141,"6":55.7718379498,"7":58.1264278889,"8":56.5253388882,"9":56.3522181511,"10":57.6944589615,"11":56.6293718815,"12":57.2921431065,"13":55.9375431538,"14":56.2551920414,"15":57.7200222015,"16":58.1540188789,"17":56.9155399799,"18":56.4538528919,"19":56.6735312939,"20":58.4419932365,"21":57.1871056557,"22":56.6237800121,"23":57.8484139442,"24":56.6982400417,"25":58.1914849281,"26":56.1500217915,"27":56.5501430035,"28":63.2614881992,"29":59.1730880737,"30":70.7554860115,"31":64.9588391781}}