{"epoch":{"0":1,"1":2,"2":3,"3":4,"4":5},"train_loss":{"0":2.2318210284,"1":1.9238962332,"2":1.6756388617,"3":1.5012656609,"4":1.4412960593},"train_acc":{"0":0.2054166667,"1":0.3791666667,"2":0.4454166667,"3":0.4952083333,"4":0.5122916667},"test_loss":{"0":2.0878317165,"1":1.8565830994,"2":1.6141145134,"3":1.6277591292,"4":1.6675788132},"test_acc":{"0":0.2825,"1":0.3958333333,"2":0.4616666667,"3":0.4325,"4":0.4275},"lr":{"0":0.00002,"1":0.00004,"2":0.00006,"3":0.00008,"4":0.0001},"epoch_time_s":{"0":314.2060921192,"1":828.9178051949,"2":668.1426110268,"3":647.5620858669,"4":675.5664050579}}