{
    "model_name": "alexnet",
    "optimizer": "SGD",
    "nesterov_flag": false,
    "lr": 0.001,
    "weight_decay": 0.0005,
    "weight_init": "kaiming",
    "dropout_rate": 0.0,
    "label_smoothing": 0.0,
    "lr_schedule": "one_cycle",
    "batch_size": 128,
    "use_augment": false,
    "protocol": "Fixed Wall-Clock Time",
    "wall_clock_budget_s": 1800,
    "seed": 123,
    "device": "mps",
    "num_epochs_run": 33,
    "total_train_time_s": 1835.823551416397,
    "epoch_times_s": [
        55.137632846832275,
        55.14994692802429,
        53.38903212547302,
        57.15849184989929,
        55.722008228302,
        55.418211221694946,
        55.37411093711853,
        58.58495378494263,
        58.554702043533325,
        55.898043155670166,
        55.95173692703247,
        54.517024993896484,
        56.573625802993774,
        54.6467022895813,
        55.37442207336426,
        55.69157099723816,
        54.66377902030945,
        55.91227602958679,
        54.77095699310303,
        55.31549310684204,
        55.30109906196594,
        54.96188282966614,
        55.099833965301514,
        56.147727966308594,
        58.1251220703125,
        54.363407135009766,
        55.414592027664185,
        55.138298988342285,
        55.48105192184448,
        55.464869260787964,
        54.91975998878479,
        56.458189964294434,
        55.14299488067627
    ],
    "epoch_lrs": [
        3.9999999999999996e-05,
        4.731359342517608e-05,
        6.903150433075099e-05,
        0.00010449191617335979,
        0.00015261423297422718,
        0.00021193200865102322,
        0.000280637634477974,
        0.0003566374228995767,
        0.0004376154091120188,
        0.0005211039261671865,
        0.0006045588029425285,
        0.0006854368934460318,
        0.0007612735748820835,
        0.0008297578528559419,
        0.000888802785012951,
        0.0009366090770713878,
        0.0009717199132675832,
        0.0009930653503483831,
        0.0009999990313383576,
        0.0009985273885988759,
        0.000994267789665687,
        0.0009872440559438797,
        0.0009774954670015166,
        0.0009650765409023579,
        0.0009500567293187341,
        0.000932520029129622,
        0.0009125645126760246,
        0.000890301779300659,
        0.0008658563312391628,
        0.0008393648773530897,
        0.0008109755685985016,
        0.0007808471695057265,
        0.0007491481703037034
    ],
    "best_val_acc": 0.84,
    "final_test_acc": 0.839300582847627,
    "final_test_loss": 0.486305472654268,
    "model_file": "/Users/josealmendarez/Desktop/Lab2CNNModel/results/alexnet/exp_14/model.pth"
}