{"epoch":{"0":1,"1":2,"2":3,"3":4,"4":5,"5":6,"6":7,"7":8,"8":9,"9":10,"10":11,"11":12,"12":13,"13":14,"14":15,"15":16,"16":17,"17":18,"18":19,"19":20,"20":21,"21":22,"22":23,"23":24,"24":25,"25":26,"26":27,"27":28,"28":29,"29":30,"30":31,"31":32,"32":33},"train_loss":{"0":3.5338594627,"1":2.4330361366,"2":2.2712515672,"3":2.177583615,"4":2.0600085036,"5":1.9036086003,"6":1.6941659005,"7":1.4890520461,"8":1.3470391973,"9":1.2409152635,"10":1.1333654785,"11":1.0449105692,"12":0.9743866444,"13":0.919284598,"14":0.8344341103,"15":0.7973077027,"16":0.7355775507,"17":0.7146992954,"18":0.6790399949,"19":0.6126207574,"20":0.593709151,"21":0.6042385753,"22":0.5363112791,"23":0.5171049674,"24":0.5168436066,"25":0.472378428,"26":0.4588763285,"27":0.4454945489,"28":0.4078436971,"29":0.4080639354,"30":0.3860598123,"31":0.375340668,"32":0.3564260769},"train_acc":{"0":0.1033333333,"1":0.1277083333,"2":0.1583333333,"3":0.2116666667,"4":0.2758333333,"5":0.3416666667,"6":0.4283333333,"7":0.483125,"8":0.5302083333,"9":0.5685416667,"10":0.6091666667,"11":0.64625,"12":0.6714583333,"13":0.6895833333,"14":0.7191666667,"15":0.7254166667,"16":0.7547916667,"17":0.76,"18":0.7629166667,"19":0.7795833333,"20":0.8035416667,"21":0.7925,"22":0.818125,"23":0.8197916667,"24":0.8214583333,"25":0.8397916667,"26":0.8458333333,"27":0.8479166667,"28":0.8602083333,"29":0.8595833333,"30":0.8708333333,"31":0.8729166667,"32":0.8785416667},"test_loss":{"0":2.271293451,"1":2.1651394335,"2":2.0931131744,"3":1.976910936,"4":1.82295506,"5":1.6024976492,"6":1.4407460324,"7":1.2920377294,"8":1.1659121076,"9":1.1514856172,"10":1.0281171449,"11":0.9894452127,"12":0.9428878252,"13":0.9140486173,"14":0.8482641975,"15":0.8538265006,"16":0.9086294901,"17":0.7627301069,"18":0.7393597174,"19":0.7431503137,"20":0.761612167,"21":0.6543399302,"22":0.697450455,"23":0.5897103707,"24":0.5783745341,"25":0.5976462978,"26":0.5755522643,"27":0.5312483076,"28":0.6159268673,"29":0.5336140972,"30":0.4951921161,"31":0.5132129159,"32":0.4867107272},"test_acc":{"0":0.1566666667,"1":0.2783333333,"2":0.3125,"3":0.4125,"4":0.385,"5":0.4933333333,"6":0.495,"7":0.5266666667,"8":0.5858333333,"9":0.5883333333,"10":0.6091666667,"11":0.6291666667,"12":0.6491666667,"13":0.6566666667,"14":0.6833333333,"15":0.6858333333,"16":0.6766666667,"17":0.7166666667,"18":0.7466666667,"19":0.7283333333,"20":0.725,"21":0.7641666667,"22":0.7633333333,"23":0.7925,"24":0.7983333333,"25":0.7891666667,"26":0.8033333333,"27":0.8175,"28":0.795,"29":0.8191666667,"30":0.8333333333,"31":0.8291666667,"32":0.84},"lr":{"0":0.00004,"1":0.0000473136,"2":0.0000690315,"3":0.0001044919,"4":0.0001526142,"5":0.000211932,"6":0.0002806376,"7":0.0003566374,"8":0.0004376154,"9":0.0005211039,"10":0.0006045588,"11":0.0006854369,"12":0.0007612736,"13":0.0008297579,"14":0.0008888028,"15":0.0009366091,"16":0.0009717199,"17":0.0009930654,"18":0.000999999,"19":0.0009985274,"20":0.0009942678,"21":0.0009872441,"22":0.0009774955,"23":0.0009650765,"24":0.0009500567,"25":0.00093252,"26":0.0009125645,"27":0.0008903018,"28":0.0008658563,"29":0.0008393649,"30":0.0008109756,"31":0.0007808472,"32":0.0007491482},"epoch_time_s":{"0":55.1376328468,"1":55.149946928,"2":53.3890321255,"3":57.1584918499,"4":55.7220082283,"5":55.4182112217,"6":55.3741109371,"7":58.5849537849,"8":58.5547020435,"9":55.8980431557,"10":55.951736927,"11":54.5170249939,"12":56.573625803,"13":54.6467022896,"14":55.3744220734,"15":55.6915709972,"16":54.6637790203,"17":55.9122760296,"18":54.7709569931,"19":55.3154931068,"20":55.301099062,"21":54.9618828297,"22":55.0998339653,"23":56.1477279663,"24":58.1251220703,"25":54.363407135,"26":55.4145920277,"27":55.1382989883,"28":55.4810519218,"29":55.4648692608,"30":54.9197599888,"31":56.4581899643,"32":55.1429948807}}