{
    "model_name": "alexnet",
    "optimizer": "SGD",
    "nesterov_flag": false,
    "lr": 0.01,
    "weight_decay": 0.0005,
    "weight_init": "kaiming",
    "dropout_rate": 0.0,
    "label_smoothing": 0.0,
    "lr_schedule": "constant+warmup",
    "batch_size": 32,
    "use_augment": false,
    "protocol": "Fixed Wall-Clock Time",
    "wall_clock_budget_s": 1800,
    "seed": 2025,
    "device": "mps",
    "num_epochs_run": 26,
    "total_train_time_s": 1805.0292398929596,
    "epoch_times_s": [
        65.03514432907104,
        66.03655195236206,
        68.00248599052429,
        66.95533585548401,
        68.35698628425598,
        67.09942698478699,
        67.19512295722961,
        73.32400941848755,
        67.45744705200195,
        66.40884304046631,
        69.2111439704895,
        68.56717801094055,
        67.97759079933167,
        68.4377372264862,
        69.19199585914612,
        69.62734889984131,
        69.0238630771637,
        70.28431916236877,
        67.85450911521912,
        71.79452991485596,
        68.94314527511597,
        69.93496084213257,
        72.75631594657898,
        77.34854888916016,
        75.0012378692627,
        73.20346117019653
    ],
    "epoch_lrs": [
        0.002,
        0.004,
        0.006,
        0.008,
        0.01,
        0.01,
        0.01,
        0.01,
        0.01,
        0.01,
        0.01,
        0.01,
        0.01,
        0.01,
        0.01,
        0.01,
        0.01,
        0.01,
        0.01,
        0.01,
        0.01,
        0.01,
        0.01,
        0.01,
        0.01,
        0.01
    ],
    "best_val_acc": 0.9283333333333333,
    "final_test_acc": 0.9283333333333333,
    "final_test_loss": 0.36124119084095585,
    "model_file": "/Users/josealmendarez/Desktop/Lab2CNNModel/results/alexnet/exp_3/model.pth"
}