{"epoch":{"0":1,"1":2,"2":3,"3":4,"4":5,"5":6,"6":7,"7":8,"8":9,"9":10,"10":11,"11":12,"12":13,"13":14,"14":15,"15":16,"16":17,"17":18,"18":19,"19":20,"20":21,"21":22,"22":23,"23":24,"24":25,"25":26},"train_loss":{"0":2.5838793023,"1":2.2189766423,"2":2.1031272984,"3":1.9479569165,"4":1.7809058468,"5":1.5786791658,"6":1.118771251,"7":0.6869153084,"8":0.5057870576,"9":0.3908641532,"10":0.3085635595,"11":0.2358823346,"12":0.1975921687,"13":0.1818643802,"14":0.1617889617,"15":0.1276894729,"16":0.1201729791,"17":0.0951402125,"18":0.0778250721,"19":0.0881282683,"20":0.0819498824,"21":0.0651504885,"22":0.0576776991,"23":0.0596915552,"24":0.0596024153,"25":0.0339301472},"train_acc":{"0":0.1208333333,"1":0.1797916667,"2":0.1935416667,"3":0.2489583333,"4":0.3020833333,"5":0.4072916667,"6":0.609375,"7":0.77,"8":0.8304166667,"9":0.8733333333,"10":0.8972916667,"11":0.92125,"12":0.9339583333,"13":0.9379166667,"14":0.944375,"15":0.9575,"16":0.9602083333,"17":0.9679166667,"18":0.9741666667,"19":0.97,"20":0.9735416667,"21":0.978125,"22":0.9808333333,"23":0.9783333333,"24":0.98,"25":0.9875},"test_loss":{"0":2.2795462577,"1":2.1619252777,"2":2.0595314757,"3":1.8682826551,"4":1.7206318649,"5":1.4675419108,"6":0.8571444853,"7":0.7728667047,"8":0.4945982969,"9":0.4886563647,"10":0.3920135085,"11":0.3621621402,"12":0.47622758,"13":0.3530509267,"14":0.4395926127,"15":0.3361289349,"16":0.2961536621,"17":0.3154742634,"18":0.4262218963,"19":0.372712835,"20":0.2834352619,"21":0.2995445207,"22":0.2951484235,"23":0.429958493,"24":0.3502647023,"25":0.3612411908},"test_acc":{"0":0.18,"1":0.1966666667,"2":0.1958333333,"3":0.245,"4":0.3116666667,"5":0.4308333333,"6":0.715,"7":0.7425,"8":0.8325,"9":0.8325,"10":0.87,"11":0.8866666667,"12":0.8616666667,"13":0.8891666667,"14":0.8833333333,"15":0.9041666667,"16":0.9125,"17":0.9241666667,"18":0.9,"19":0.9175,"20":0.9233333333,"21":0.9233333333,"22":0.9275,"23":0.89,"24":0.9216666667,"25":0.9283333333},"lr":{"0":0.002,"1":0.004,"2":0.006,"3":0.008,"4":0.01,"5":0.01,"6":0.01,"7":0.01,"8":0.01,"9":0.01,"10":0.01,"11":0.01,"12":0.01,"13":0.01,"14":0.01,"15":0.01,"16":0.01,"17":0.01,"18":0.01,"19":0.01,"20":0.01,"21":0.01,"22":0.01,"23":0.01,"24":0.01,"25":0.01},"epoch_time_s":{"0":65.0351443291,"1":66.0365519524,"2":68.0024859905,"3":66.9553358555,"4":68.3569862843,"5":67.0994269848,"6":67.1951229572,"7":73.3240094185,"8":67.457447052,"9":66.4088430405,"10":69.2111439705,"11":68.5671780109,"12":67.9775907993,"13":68.4377372265,"14":69.1919958591,"15":69.6273488998,"16":69.0238630772,"17":70.2843191624,"18":67.8545091152,"19":71.7945299149,"20":68.9431452751,"21":69.9349608421,"22":72.7563159466,"23":77.3485488892,"24":75.0012378693,"25":73.2034611702}}