{
    "model_name": "alexnet",
    "optimizer": "SGD",
    "nesterov_flag": false,
    "lr": 0.0001,
    "weight_decay": 0.0005,
    "weight_init": "kaiming",
    "dropout_rate": 0.0,
    "label_smoothing": 0.0,
    "lr_schedule": "one_cycle",
    "batch_size": 128,
    "use_augment": false,
    "protocol": "Fixed Wall-Clock Time",
    "wall_clock_budget_s": 1800,
    "seed": 123,
    "device": "mps",
    "num_epochs_run": 33,
    "total_train_time_s": 1820.0003373622894,
    "epoch_times_s": [
        59.77416801452637,
        54.718981981277466,
        54.24777126312256,
        55.66209697723389,
        53.56482481956482,
        56.101219177246094,
        54.37038493156433,
        55.159815073013306,
        55.06752800941467,
        54.98238706588745,
        54.91383624076843,
        54.67106103897095,
        55.192633867263794,
        54.49332404136658,
        54.64405679702759,
        54.816548109054565,
        54.803104877471924,
        54.41513013839722,
        55.124823808670044,
        54.89281463623047,
        55.521028995513916,
        54.71007800102234,
        55.322219133377075,
        55.717341899871826,
        55.322015047073364,
        55.32454776763916,
        55.23734092712402,
        55.41988492012024,
        55.12224793434143,
        55.424968957901,
        54.77247905731201,
        55.131303787231445,
        55.35837006568909
    ],
    "epoch_lrs": [
        4.000000000000002e-06,
        4.731359342517608e-06,
        6.903150433075093e-06,
        1.044919161733598e-05,
        1.5261423297422723e-05,
        2.1193200865102327e-05,
        2.8063763447797404e-05,
        3.566374228995768e-05,
        4.376154091120189e-05,
        5.211039261671865e-05,
        6.045588029425285e-05,
        6.85436893446032e-05,
        7.612735748820835e-05,
        8.29757852855942e-05,
        8.888027850129511e-05,
        9.366090770713879e-05,
        9.717199132675832e-05,
        9.930653503483832e-05,
        9.999990313383577e-05,
        9.985273885988758e-05,
        9.942677896656872e-05,
        9.872440559438798e-05,
        9.774954670015166e-05,
        9.65076540902358e-05,
        9.500567293187344e-05,
        9.325200291296221e-05,
        9.125645126760246e-05,
        8.903017793006591e-05,
        8.658563312391629e-05,
        8.393648773530897e-05,
        8.109755685985018e-05,
        7.808471695057266e-05,
        7.491481703037036e-05
    ],
    "best_val_acc": 0.5691666666666667,
    "final_test_acc": 0.5661948376353039,
    "final_test_loss": 1.206047462285508,
    "model_file": "/Users/josealmendarez/Desktop/Lab2CNNModel/results/alexnet/exp_12/model.pth"
}