{"epoch":{"0":1,"1":2,"2":3,"3":4,"4":5,"5":6,"6":7,"7":8,"8":9,"9":10,"10":11,"11":12,"12":13,"13":14,"14":15,"15":16,"16":17,"17":18,"18":19,"19":20,"20":21,"21":22,"22":23,"23":24,"24":25,"25":26,"26":27,"27":28,"28":29,"29":30,"30":31,"31":32,"32":33},"train_loss":{"0":4.740390962,"1":3.5624360784,"2":2.9942477194,"3":2.7512666194,"4":2.5483815765,"5":2.4473574511,"6":2.3621141561,"7":2.2840207513,"8":2.2457252884,"9":2.1959252421,"10":2.1675029945,"11":2.1122843806,"12":2.0774517647,"13":2.0459531371,"14":1.9820008659,"15":1.9476959546,"16":1.8940328789,"17":1.8546681515,"18":1.8081762902,"19":1.7558794753,"20":1.7179694494,"21":1.6863898007,"22":1.6360691675,"23":1.5907903512,"24":1.571096948,"25":1.5427084939,"26":1.4897215541,"27":1.4611629899,"28":1.4277666903,"29":1.3896576277,"30":1.3834793282,"31":1.3571255366,"32":1.3307647355},"train_acc":{"0":0.1010416667,"1":0.0995833333,"2":0.11,"3":0.1066666667,"4":0.13375,"5":0.134375,"6":0.1577083333,"7":0.169375,"8":0.1875,"9":0.2133333333,"10":0.229375,"11":0.2527083333,"12":0.2614583333,"13":0.2810416667,"14":0.3097916667,"15":0.3260416667,"16":0.3402083333,"17":0.3514583333,"18":0.378125,"19":0.396875,"20":0.414375,"21":0.4270833333,"22":0.4485416667,"23":0.4516666667,"24":0.4625,"25":0.4654166667,"26":0.4977083333,"27":0.5039583333,"28":0.513125,"29":0.535,"30":0.53375,"31":0.538125,"32":0.5477083333},"test_loss":{"0":2.6831070725,"1":2.3520771503,"2":2.2881736517,"3":2.2159111293,"4":2.1834254058,"5":2.1460743825,"6":2.1044010369,"7":2.070128808,"8":2.0334094493,"9":2.0131597837,"10":1.9603272518,"11":1.9184189733,"12":1.8744646597,"13":1.8371098344,"14":1.7762138939,"15":1.7322329251,"16":1.6790227874,"17":1.6352809413,"18":1.5873585018,"19":1.5411464167,"20":1.4994868835,"21":1.4494672648,"22":1.4124703852,"23":1.4038911422,"24":1.3721917439,"25":1.349220074,"26":1.3170374123,"27":1.2896230205,"28":1.2645181672,"29":1.2517374309,"30":1.2322248141,"31":1.2075457843,"32":1.2070525018},"test_acc":{"0":0.0866666667,"1":0.13,"2":0.125,"3":0.2008333333,"4":0.2116666667,"5":0.2483333333,"6":0.2908333333,"7":0.31,"8":0.3183333333,"9":0.3333333333,"10":0.3791666667,"11":0.3741666667,"12":0.3808333333,"13":0.3891666667,"14":0.4216666667,"15":0.4425,"16":0.4641666667,"17":0.4675,"18":0.4825,"19":0.4975,"20":0.4975,"21":0.5225,"22":0.5241666667,"23":0.5133333333,"24":0.5216666667,"25":0.5283333333,"26":0.5283333333,"27":0.5383333333,"28":0.55,"29":0.5525,"30":0.5683333333,"31":0.5691666667,"32":0.5666666667},"lr":{"0":0.000004,"1":0.0000047314,"2":0.0000069032,"3":0.0000104492,"4":0.0000152614,"5":0.0000211932,"6":0.0000280638,"7":0.0000356637,"8":0.0000437615,"9":0.0000521104,"10":0.0000604559,"11":0.0000685437,"12":0.0000761274,"13":0.0000829758,"14":0.0000888803,"15":0.0000936609,"16":0.000097172,"17":0.0000993065,"18":0.0000999999,"19":0.0000998527,"20":0.0000994268,"21":0.0000987244,"22":0.0000977495,"23":0.0000965077,"24":0.0000950057,"25":0.000093252,"26":0.0000912565,"27":0.0000890302,"28":0.0000865856,"29":0.0000839365,"30":0.0000810976,"31":0.0000780847,"32":0.0000749148},"epoch_time_s":{"0":59.7741680145,"1":54.7189819813,"2":54.2477712631,"3":55.6620969772,"4":53.5648248196,"5":56.1012191772,"6":54.3703849316,"7":55.159815073,"8":55.0675280094,"9":54.9823870659,"10":54.9138362408,"11":54.671061039,"12":55.1926338673,"13":54.4933240414,"14":54.644056797,"15":54.8165481091,"16":54.8031048775,"17":54.4151301384,"18":55.1248238087,"19":54.8928146362,"20":55.5210289955,"21":54.710078001,"22":55.3222191334,"23":55.7173418999,"24":55.3220150471,"25":55.3245477676,"26":55.2373409271,"27":55.4198849201,"28":55.1222479343,"29":55.4249689579,"30":54.7724790573,"31":55.1313037872,"32":55.3583700657}}