{
    "model_name": "alexnet",
    "optimizer": "SGD",
    "nesterov_flag": false,
    "lr": 0.0001,
    "weight_decay": 0.0005,
    "weight_init": "kaiming",
    "dropout_rate": 0.0,
    "label_smoothing": 0.0,
    "lr_schedule": "cosine",
    "batch_size": 128,
    "use_augment": false,
    "protocol": "Fixed Wall-Clock Time",
    "wall_clock_budget_s": 1800,
    "seed": 42,
    "device": "mps",
    "num_epochs_run": 20,
    "total_train_time_s": 1173.1531398296356,
    "epoch_times_s": [
        57.71624207496643,
        55.336191177368164,
        54.54981708526611,
        57.60201406478882,
        60.377278089523315,
        55.984480142593384,
        56.941922664642334,
        56.82253384590149,
        58.16923785209656,
        59.02302575111389,
        59.27284812927246,
        60.63992977142334,
        60.20685887336731,
        62.84336519241333,
        59.67874002456665,
        59.98545026779175,
        59.64538288116455,
        59.29059195518494,
        59.43936586380005,
        59.62786412239075
    ],
    "epoch_lrs": [
        0.0001,
        9.938441702975689e-05,
        9.755282581475769e-05,
        9.45503262094184e-05,
        9.045084971874738e-05,
        8.535533905932738e-05,
        7.938926261462366e-05,
        7.269952498697734e-05,
        6.545084971874738e-05,
        5.782172325201156e-05,
        5.000000000000001e-05,
        4.217827674798848e-05,
        3.454915028125264e-05,
        2.730047501302267e-05,
        2.0610737385376356e-05,
        1.464466094067263e-05,
        9.549150281252635e-06,
        5.4496737905816115e-06,
        2.4471741852423237e-06,
        6.155829702431171e-07
    ],
    "best_val_acc": 0.53,
    "final_test_acc": 0.5278934221482098,
    "final_test_loss": 1.477781348184781,
    "model_file": "/Users/josealmendarez/Desktop/Lab2CNNModel/results/alexnet/exp_5/model.pth"
}