{"epoch":{"0":1,"1":2,"2":3,"3":4,"4":5,"5":6,"6":7,"7":8,"8":9,"9":10,"10":11,"11":12,"12":13,"13":14,"14":15,"15":16,"16":17,"17":18,"18":19,"19":20},"train_loss":{"0":3.1135920175,"1":2.3475436306,"2":2.2290430164,"3":2.1442490005,"4":2.1036951669,"5":2.038277518,"6":1.9909021918,"7":1.945625809,"8":1.8891191546,"9":1.8494951614,"10":1.8088043849,"11":1.7838439083,"12":1.7586502679,"13":1.7389555899,"14":1.721073993,"15":1.7094113843,"16":1.7093897756,"17":1.7021559683,"18":1.6890072584,"19":1.6894189628},"train_acc":{"0":0.12375,"1":0.1585416667,"2":0.190625,"3":0.236875,"4":0.2504166667,"5":0.2714583333,"6":0.3160416667,"7":0.3127083333,"8":0.3491666667,"9":0.366875,"10":0.375625,"11":0.39,"12":0.3875,"13":0.4125,"14":0.404375,"15":0.4072916667,"16":0.4083333333,"17":0.4133333333,"18":0.42375,"19":0.4247916667},"test_loss":{"0":2.1824010118,"1":2.0916481527,"2":2.0157998689,"3":1.9459746917,"4":1.8878779093,"5":1.8142399995,"6":1.7597756879,"7":1.7047916365,"8":1.6541098642,"9":1.6144002994,"10":1.579626352,"11":1.5504721133,"12":1.5291562605,"13":1.5129641708,"14":1.4969298283,"15":1.4870729272,"16":1.4842374055,"17":1.4806795994,"18":1.4795608918,"19":1.4790128326},"test_acc":{"0":0.25,"1":0.3291666667,"2":0.3933333333,"3":0.3925,"4":0.4141666667,"5":0.4483333333,"6":0.4683333333,"7":0.4766666667,"8":0.4958333333,"9":0.505,"10":0.5133333333,"11":0.515,"12":0.5175,"13":0.5191666667,"14":0.5266666667,"15":0.5275,"16":0.5266666667,"17":0.53,"18":0.5283333333,"19":0.5283333333},"lr":{"0":0.0001,"1":0.0000993844,"2":0.0000975528,"3":0.0000945503,"4":0.0000904508,"5":0.0000853553,"6":0.0000793893,"7":0.0000726995,"8":0.0000654508,"9":0.0000578217,"10":0.00005,"11":0.0000421783,"12":0.0000345492,"13":0.0000273005,"14":0.0000206107,"15":0.0000146447,"16":0.0000095492,"17":0.0000054497,"18":0.0000024472,"19":0.0000006156},"epoch_time_s":{"0":57.716242075,"1":55.3361911774,"2":54.5498170853,"3":57.6020140648,"4":60.3772780895,"5":55.9844801426,"6":56.9419226646,"7":56.8225338459,"8":58.1692378521,"9":59.0230257511,"10":59.2728481293,"11":60.6399297714,"12":60.2068588734,"13":62.8433651924,"14":59.6787400246,"15":59.9854502678,"16":59.6453828812,"17":59.2905919552,"18":59.4393658638,"19":59.6278641224}}