{
    "model_name": "alexnet",
    "optimizer": "Adam",
    "nesterov_flag": false,
    "lr": 0.01,
    "weight_decay": 0.0471,
    "weight_init": "orthogonal",
    "dropout_rate": 0.5,
    "label_smoothing": 0.05,
    "lr_schedule": "constant+warmup",
    "batch_size": 128,
    "use_augment": true,
    "protocol": "Fixed Wall-Clock Time",
    "wall_clock_budget_s": 1800,
    "seed": 42,
    "device": "mps",
    "num_epochs_run": 32,
    "total_train_time_s": 1820.7053413391113,
    "epoch_times_s": [
        55.217812061309814,
        55.41013216972351,
        56.02070426940918,
        56.64397883415222,
        54.85487675666809,
        55.708632707595825,
        55.940356969833374,
        57.40719485282898,
        59.36468577384949,
        57.297067165374756,
        55.51130437850952,
        55.914143085479736,
        57.383872985839844,
        58.19928193092346,
        57.43561911582947,
        56.23751497268677,
        58.055461168289185,
        56.397140979766846,
        57.98793077468872,
        56.81118178367615,
        56.87122416496277,
        56.505316972732544,
        57.08618903160095,
        58.070561170578,
        57.21524906158447,
        57.351415157318115,
        56.434699058532715,
        57.53627371788025,
        56.914355993270874,
        56.68692111968994,
        59.02236008644104,
        57.21188306808472
    ],
    "epoch_lrs": [
        0.002,
        0.004,
        0.006,
        0.008,
        0.01,
        0.01,
        0.01,
        0.01,
        0.01,
        0.01,
        0.01,
        0.01,
        0.01,
        0.01,
        0.01,
        0.01,
        0.01,
        0.01,
        0.01,
        0.01,
        0.01,
        0.01,
        0.01,
        0.01,
        0.01,
        0.01,
        0.01,
        0.01,
        0.01,
        0.01,
        0.01,
        0.01
    ],
    "best_val_acc": 0.1,
    "final_test_acc": 0.09991673605328892,
    "final_test_loss": 2.3006837989368805,
    "model_file": "/Users/josealmendarez/Desktop/Lab2CNNModel/results/alexnet/exp_17/model.pth"
}