{"epoch":{"0":1,"1":2,"2":3,"3":4,"4":5,"5":6,"6":7,"7":8,"8":9,"9":10,"10":11,"11":12,"12":13,"13":14,"14":15,"15":16,"16":17,"17":18,"18":19,"19":20,"20":21,"21":22,"22":23,"23":24,"24":25,"25":26,"26":27,"27":28,"28":29,"29":30,"30":31,"31":32},"train_loss":{"0":2.7387867864,"1":2.303286438,"2":2.3028477732,"3":2.3032065519,"4":2.3032700157,"5":2.3032217693,"6":2.3034608364,"7":2.3032518514,"8":2.3032056967,"9":2.3033820852,"10":2.3032572524,"11":2.3032030741,"12":2.3032300917,"13":2.3031353601,"14":2.3034052563,"15":2.3034791215,"16":2.3030764771,"17":2.3033843422,"18":2.303288571,"19":2.3033546861,"20":2.3032413896,"21":2.3032228184,"22":2.3031805007,"23":2.3032560857,"24":2.303120807,"25":2.3031179873,"26":2.3034217993,"27":2.3031792323,"28":2.3032853285,"29":2.3033908304,"30":2.3031384373,"31":2.3031853263},"train_acc":{"0":0.09625,"1":0.0941666667,"2":0.0914583333,"3":0.0927083333,"4":0.096875,"5":0.0927083333,"6":0.0866666667,"7":0.090625,"8":0.095625,"9":0.093125,"10":0.098125,"11":0.091875,"12":0.091875,"13":0.0889583333,"14":0.098125,"15":0.0925,"16":0.0960416667,"17":0.0877083333,"18":0.0897916667,"19":0.0920833333,"20":0.0970833333,"21":0.0947916667,"22":0.091875,"23":0.0960416667,"24":0.0927083333,"25":0.095,"26":0.09,"27":0.0904166667,"28":0.09375,"29":0.0933333333,"30":0.08875,"31":0.095},"test_loss":{"0":2.3026913102,"1":2.3027146562,"2":2.3026439571,"3":2.3026102384,"4":2.3025986385,"5":2.3026275794,"6":2.3026292356,"7":2.3026284695,"8":2.3026158396,"9":2.30262791,"10":2.3026213264,"11":2.3026241557,"12":2.3026235167,"13":2.3025961558,"14":2.3026258183,"15":2.3026082484,"16":2.3026247406,"17":2.3026382128,"18":2.3025959492,"19":2.3026124159,"20":2.3026295884,"21":2.3026276143,"22":2.302602183,"23":2.3026280975,"24":2.3026442337,"25":2.302606891,"26":2.3026186275,"27":2.3026167075,"28":2.3026302274,"29":2.3026315244,"30":2.3026038615,"31":2.3026010354},"test_acc":{"0":0.1,"1":0.1,"2":0.1,"3":0.1,"4":0.1,"5":0.1,"6":0.1,"7":0.1,"8":0.1,"9":0.1,"10":0.1,"11":0.1,"12":0.1,"13":0.1,"14":0.1,"15":0.1,"16":0.1,"17":0.1,"18":0.1,"19":0.1,"20":0.1,"21":0.1,"22":0.1,"23":0.1,"24":0.1,"25":0.1,"26":0.1,"27":0.1,"28":0.1,"29":0.1,"30":0.1,"31":0.1},"lr":{"0":0.002,"1":0.004,"2":0.006,"3":0.008,"4":0.01,"5":0.01,"6":0.01,"7":0.01,"8":0.01,"9":0.01,"10":0.01,"11":0.01,"12":0.01,"13":0.01,"14":0.01,"15":0.01,"16":0.01,"17":0.01,"18":0.01,"19":0.01,"20":0.01,"21":0.01,"22":0.01,"23":0.01,"24":0.01,"25":0.01,"26":0.01,"27":0.01,"28":0.01,"29":0.01,"30":0.01,"31":0.01},"epoch_time_s":{"0":55.2178120613,"1":55.4101321697,"2":56.0207042694,"3":56.6439788342,"4":54.8548767567,"5":55.7086327076,"6":55.9403569698,"7":57.4071948528,"8":59.3646857738,"9":57.2970671654,"10":55.5113043785,"11":55.9141430855,"12":57.3838729858,"13":58.1992819309,"14":57.4356191158,"15":56.2375149727,"16":58.0554611683,"17":56.3971409798,"18":57.9879307747,"19":56.8111817837,"20":56.871224165,"21":56.5053169727,"22":57.0861890316,"23":58.0705611706,"24":57.2152490616,"25":57.3514151573,"26":56.4346990585,"27":57.5362737179,"28":56.9143559933,"29":56.6869211197,"30":59.0223600864,"31":57.2118830681}}