{
    "model_name": "alexnet",
    "optimizer": "SGD",
    "nesterov_flag": false,
    "lr": 0.001,
    "weight_decay": 0.0005,
    "weight_init": "kaiming",
    "dropout_rate": 0.0,
    "label_smoothing": 0.0,
    "lr_schedule": "one_cycle",
    "batch_size": 128,
    "use_augment": false,
    "protocol": "Fixed Wall-Clock Time",
    "wall_clock_budget_s": 1800,
    "seed": 42,
    "device": "mps",
    "num_epochs_run": 33,
    "total_train_time_s": 1833.2835109233856,
    "epoch_times_s": [
        55.26170086860657,
        55.01994299888611,
        55.00909090042114,
        55.88419198989868,
        54.40066933631897,
        56.15934371948242,
        56.209125995635986,
        54.9333438873291,
        55.928906202316284,
        55.227242946624756,
        54.78034210205078,
        55.55825901031494,
        55.03235411643982,
        56.069896936416626,
        56.37113285064697,
        55.45002293586731,
        54.67176175117493,
        56.532012939453125,
        54.888015031814575,
        55.44235181808472,
        57.196224212646484,
        54.448188066482544,
        56.979016065597534,
        55.27661681175232,
        54.92288398742676,
        55.782609939575195,
        55.13278317451477,
        55.96656107902527,
        56.88952302932739,
        55.3431670665741,
        55.468130111694336,
        55.83261203765869,
        55.215487003326416
    ],
    "epoch_lrs": [
        3.9999999999999996e-05,
        4.731359342517608e-05,
        6.903150433075099e-05,
        0.00010449191617335979,
        0.00015261423297422718,
        0.00021193200865102322,
        0.000280637634477974,
        0.0003566374228995767,
        0.0004376154091120188,
        0.0005211039261671865,
        0.0006045588029425285,
        0.0006854368934460318,
        0.0007612735748820835,
        0.0008297578528559419,
        0.000888802785012951,
        0.0009366090770713878,
        0.0009717199132675832,
        0.0009930653503483831,
        0.0009999990313383576,
        0.0009985273885988759,
        0.000994267789665687,
        0.0009872440559438797,
        0.0009774954670015166,
        0.0009650765409023579,
        0.0009500567293187341,
        0.000932520029129622,
        0.0009125645126760246,
        0.000890301779300659,
        0.0008658563312391628,
        0.0008393648773530897,
        0.0008109755685985016,
        0.0007808471695057265,
        0.0007491481703037034
    ],
    "best_val_acc": 0.83,
    "final_test_acc": 0.8109908409658618,
    "final_test_loss": 0.5127314504834635,
    "model_file": "/Users/josealmendarez/Desktop/Lab2CNNModel/results/alexnet/exp_15/model.pth"
}