{"epoch":{"0":1,"1":2,"2":3,"3":4,"4":5,"5":6,"6":7,"7":8,"8":9,"9":10,"10":11,"11":12,"12":13,"13":14,"14":15,"15":16,"16":17,"17":18,"18":19,"19":20,"20":21,"21":22,"22":23,"23":24,"24":25,"25":26,"26":27,"27":28,"28":29,"29":30,"30":31,"31":32,"32":33},"train_loss":{"0":3.456592954,"1":2.4026064682,"2":2.2391885249,"3":2.1187437566,"4":2.0048427709,"5":1.8397310813,"6":1.6606947422,"7":1.4879151885,"8":1.3161018054,"9":1.1898309914,"10":1.1004358371,"11":1.0135913905,"12":0.9404517714,"13":0.8771500238,"14":0.8388418746,"15":0.7883287303,"16":0.735271732,"17":0.6909454274,"18":0.6615606141,"19":0.6310958139,"20":0.5951805671,"21":0.5769488978,"22":0.5383911427,"23":0.5056628537,"24":0.4963764675,"25":0.4691502118,"26":0.4535299226,"27":0.4152828205,"28":0.4103227707,"29":0.3965713251,"30":0.377123692,"31":0.3592034781,"32":0.3527290463},"train_acc":{"0":0.113125,"1":0.14,"2":0.1820833333,"3":0.2383333333,"4":0.295,"5":0.366875,"6":0.4285416667,"7":0.4914583333,"8":0.5475,"9":0.593125,"10":0.6214583333,"11":0.6547916667,"12":0.6770833333,"13":0.7027083333,"14":0.7129166667,"15":0.7291666667,"16":0.7514583333,"17":0.7645833333,"18":0.778125,"19":0.7852083333,"20":0.801875,"21":0.8035416667,"22":0.8185416667,"23":0.8254166667,"24":0.8304166667,"25":0.84,"26":0.845625,"27":0.85625,"28":0.8641666667,"29":0.8679166667,"30":0.8720833333,"31":0.8789583333,"32":0.8797916667},"test_loss":{"0":2.2325267506,"1":2.1503834184,"2":2.0441743596,"3":1.9213387251,"4":1.7472014888,"5":1.5454089308,"6":1.3633155823,"7":1.2236231407,"8":1.1726222801,"9":1.0987573584,"10":1.0053316156,"11":0.9463153505,"12":0.9245333664,"13":0.9188679568,"14":0.8042114393,"15":0.856552856,"16":0.7478902618,"17":0.7975206526,"18":0.9881195951,"19":0.6842712847,"20":0.6931590319,"21":0.6337737461,"22":0.7313295221,"23":0.614400444,"24":0.5957608203,"25":0.6598783533,"26":0.5830597909,"27":0.6009223767,"28":0.5346345286,"29":0.544016796,"30":0.5717596825,"31":0.5346628495,"32":0.5131587267},"test_acc":{"0":0.2175,"1":0.2733333333,"2":0.4133333333,"3":0.4066666667,"4":0.4358333333,"5":0.4933333333,"6":0.5258333333,"7":0.5933333333,"8":0.5775,"9":0.6066666667,"10":0.6458333333,"11":0.6508333333,"12":0.6658333333,"13":0.6725,"14":0.7083333333,"15":0.6958333333,"16":0.735,"17":0.7125,"18":0.6733333333,"19":0.7483333333,"20":0.7491666667,"21":0.775,"22":0.7433333333,"23":0.7875,"24":0.7841666667,"25":0.76,"26":0.7941666667,"27":0.7975,"28":0.83,"29":0.8066666667,"30":0.805,"31":0.81,"32":0.8116666667},"lr":{"0":0.00004,"1":0.0000473136,"2":0.0000690315,"3":0.0001044919,"4":0.0001526142,"5":0.000211932,"6":0.0002806376,"7":0.0003566374,"8":0.0004376154,"9":0.0005211039,"10":0.0006045588,"11":0.0006854369,"12":0.0007612736,"13":0.0008297579,"14":0.0008888028,"15":0.0009366091,"16":0.0009717199,"17":0.0009930654,"18":0.000999999,"19":0.0009985274,"20":0.0009942678,"21":0.0009872441,"22":0.0009774955,"23":0.0009650765,"24":0.0009500567,"25":0.00093252,"26":0.0009125645,"27":0.0008903018,"28":0.0008658563,"29":0.0008393649,"30":0.0008109756,"31":0.0007808472,"32":0.0007491482},"epoch_time_s":{"0":55.2617008686,"1":55.0199429989,"2":55.0090909004,"3":55.8841919899,"4":54.4006693363,"5":56.1593437195,"6":56.2091259956,"7":54.9333438873,"8":55.9289062023,"9":55.2272429466,"10":54.7803421021,"11":55.5582590103,"12":55.0323541164,"13":56.0698969364,"14":56.3711328506,"15":55.4500229359,"16":54.6717617512,"17":56.5320129395,"18":54.8880150318,"19":55.4423518181,"20":57.1962242126,"21":54.4481880665,"22":56.9790160656,"23":55.2766168118,"24":54.9228839874,"25":55.7826099396,"26":55.1327831745,"27":55.966561079,"28":56.8895230293,"29":55.3431670666,"30":55.4681301117,"31":55.8326120377,"32":55.2154870033}}