{
    "model_name": "alexnet",
    "optimizer": "SGD",
    "nesterov_flag": false,
    "lr": 0.01,
    "weight_decay": 0.0005,
    "weight_init": "kaiming",
    "dropout_rate": 0.0,
    "label_smoothing": 0.0,
    "lr_schedule": "constant+warmup",
    "batch_size": 32,
    "use_augment": false,
    "protocol": "Fixed Wall-Clock Time",
    "wall_clock_budget_s": 1800,
    "seed": 123,
    "device": "mps",
    "num_epochs_run": 27,
    "total_train_time_s": 1873.0214519500732,
    "epoch_times_s": [
        65.67673826217651,
        63.272080183029175,
        65.52952194213867,
        67.0026638507843,
        68.06100988388062,
        68.75073504447937,
        69.52327394485474,
        68.40986800193787,
        68.44735503196716,
        81.83800196647644,
        68.93436598777771,
        70.82061195373535,
        66.79136991500854,
        69.63945603370667,
        69.5062038898468,
        68.11934685707092,
        70.1712110042572,
        67.65437602996826,
        69.77873301506042,
        69.75050711631775,
        71.75619101524353,
        68.94897198677063,
        70.34841203689575,
        69.92065906524658,
        70.98729205131531,
        69.54016995429993,
        73.84232592582703
    ],
    "epoch_lrs": [
        0.002,
        0.004,
        0.006,
        0.008,
        0.01,
        0.01,
        0.01,
        0.01,
        0.01,
        0.01,
        0.01,
        0.01,
        0.01,
        0.01,
        0.01,
        0.01,
        0.01,
        0.01,
        0.01,
        0.01,
        0.01,
        0.01,
        0.01,
        0.01,
        0.01,
        0.01,
        0.01
    ],
    "best_val_acc": 0.9208333333333333,
    "final_test_acc": 0.9108333333333334,
    "final_test_loss": 0.4258340662929307,
    "model_file": "/Users/josealmendarez/Desktop/Lab2CNNModel/results/alexnet/exp_2/model.pth"
}