{"epoch":{"0":1,"1":2,"2":3,"3":4,"4":5,"5":6,"6":7,"7":8,"8":9,"9":10,"10":11,"11":12,"12":13,"13":14,"14":15,"15":16,"16":17,"17":18,"18":19,"19":20,"20":21,"21":22,"22":23,"23":24,"24":25,"25":26,"26":27},"train_loss":{"0":2.5026250347,"1":2.2923799992,"2":2.1924775449,"3":1.3849553672,"4":0.8784289608,"5":0.6378691784,"6":0.4651190152,"7":0.3877841821,"8":0.2805468491,"9":0.2310318235,"10":0.18141145,"11":0.1547846133,"12":0.1467321793,"13":0.1402555267,"14":0.1233172857,"15":0.0903969649,"16":0.0842774259,"17":0.077656887,"18":0.0643669779,"19":0.0946784797,"20":0.0586655925,"21":0.0582191351,"22":0.0513718558,"23":0.053619932,"24":0.0436428234,"25":0.058078605,"26":0.0455183699},"train_acc":{"0":0.1002083333,"1":0.1554166667,"2":0.2064583333,"3":0.5233333333,"4":0.7133333333,"5":0.7852083333,"6":0.8491666667,"7":0.8689583333,"8":0.9075,"9":0.92,"10":0.9364583333,"11":0.9422916667,"12":0.955625,"13":0.954375,"14":0.9589583333,"15":0.9679166667,"16":0.9714583333,"17":0.9735416667,"18":0.97875,"19":0.9708333333,"20":0.98,"21":0.9783333333,"22":0.981875,"23":0.9810416667,"24":0.9845833333,"25":0.981875,"26":0.9866666667},"test_loss":{"0":2.2986579704,"1":2.2694677639,"2":1.7864944061,"3":0.9631195188,"4":0.791845214,"5":0.5982096257,"6":0.7226621789,"7":0.3810229418,"8":0.3865278277,"9":0.4127162521,"10":0.4634812453,"11":0.3237145231,"12":0.3813873633,"13":0.3483644806,"14":0.3120584148,"15":0.38406314,"16":0.4137754882,"17":0.3536717428,"18":0.40028263,"19":0.2883164742,"20":0.320819756,"21":0.352102287,"22":0.3494906978,"23":0.3343445817,"24":0.3930443725,"25":0.3090741689,"26":0.4258340663},"test_acc":{"0":0.1683333333,"1":0.2066666667,"2":0.3708333333,"3":0.655,"4":0.7383333333,"5":0.7991666667,"6":0.8033333333,"7":0.8641666667,"8":0.8875,"9":0.8708333333,"10":0.87,"11":0.91,"12":0.8958333333,"13":0.8966666667,"14":0.8991666667,"15":0.9016666667,"16":0.8958333333,"17":0.9108333333,"18":0.9158333333,"19":0.9091666667,"20":0.9208333333,"21":0.9183333333,"22":0.9183333333,"23":0.9183333333,"24":0.9125,"25":0.9208333333,"26":0.9108333333},"lr":{"0":0.002,"1":0.004,"2":0.006,"3":0.008,"4":0.01,"5":0.01,"6":0.01,"7":0.01,"8":0.01,"9":0.01,"10":0.01,"11":0.01,"12":0.01,"13":0.01,"14":0.01,"15":0.01,"16":0.01,"17":0.01,"18":0.01,"19":0.01,"20":0.01,"21":0.01,"22":0.01,"23":0.01,"24":0.01,"25":0.01,"26":0.01},"epoch_time_s":{"0":65.6767382622,"1":63.272080183,"2":65.5295219421,"3":67.0026638508,"4":68.0610098839,"5":68.7507350445,"6":69.5232739449,"7":68.4098680019,"8":68.447355032,"9":81.8380019665,"10":68.9343659878,"11":70.8206119537,"12":66.791369915,"13":69.6394560337,"14":69.5062038898,"15":68.1193468571,"16":70.1712110043,"17":67.65437603,"18":69.7787330151,"19":69.7505071163,"20":71.7561910152,"21":68.9489719868,"22":70.3484120369,"23":69.9206590652,"24":70.9872920513,"25":69.5401699543,"26":73.8423259258}}