{
    "model_name": "alexnet",
    "optimizer": "Adam",
    "nesterov_flag": false,
    "lr": 0.01,
    "weight_decay": 0.0,
    "weight_init": "orthogonal",
    "dropout_rate": 0.0,
    "label_smoothing": 0.1,
    "lr_schedule": "constant+warmup",
    "batch_size": 128,
    "use_augment": false,
    "protocol": "Fixed Wall-Clock Time",
    "wall_clock_budget_s": 1800,
    "seed": 42,
    "device": "mps",
    "num_epochs_run": 32,
    "total_train_time_s": 1826.509604692459,
    "epoch_times_s": [
        57.35618996620178,
        56.60789608955383,
        61.64715790748596,
        55.67109799385071,
        56.661908864974976,
        55.52447581291199,
        56.245861768722534,
        55.77958083152771,
        56.48655104637146,
        55.96613812446594,
        57.11246395111084,
        55.929579973220825,
        57.02586579322815,
        60.06268095970154,
        56.675541400909424,
        57.239461183547974,
        56.85017275810242,
        56.939074993133545,
        56.706254959106445,
        59.61074614524841,
        56.93690800666809,
        56.69963002204895,
        57.68107986450195,
        56.6800971031189,
        56.950438261032104,
        56.55066394805908,
        56.556849002838135,
        57.49062705039978,
        56.49592685699463,
        56.73076605796814,
        58.578025817871094,
        57.05989217758179
    ],
    "epoch_lrs": [
        0.002,
        0.004,
        0.006,
        0.008,
        0.01,
        0.01,
        0.01,
        0.01,
        0.01,
        0.01,
        0.01,
        0.01,
        0.01,
        0.01,
        0.01,
        0.01,
        0.01,
        0.01,
        0.01,
        0.01,
        0.01,
        0.01,
        0.01,
        0.01,
        0.01,
        0.01,
        0.01,
        0.01,
        0.01,
        0.01,
        0.01,
        0.01
    ],
    "best_val_acc": 0.1,
    "final_test_acc": 0.09991673605328892,
    "final_test_loss": 2.3006925876690487,
    "model_file": "/Users/josealmendarez/Desktop/Lab2CNNModel/results/alexnet/exp_18/model.pth"
}