{"epoch":{"0":1,"1":2,"2":3,"3":4,"4":5,"5":6,"6":7,"7":8,"8":9,"9":10,"10":11,"11":12,"12":13,"13":14,"14":15,"15":16,"16":17,"17":18,"18":19,"19":20,"20":21,"21":22,"22":23,"23":24,"24":25,"25":26,"26":27,"27":28,"28":29,"29":30,"30":31,"31":32},"train_loss":{"0":5.906914107,"1":2.3035759036,"2":2.3030601438,"3":2.3031713041,"4":2.3033452511,"5":2.3032309945,"6":2.3032548714,"7":2.3037110233,"8":2.3032663536,"9":2.303366642,"10":2.3032465299,"11":2.3031259918,"12":2.30320213,"13":2.3031108316,"14":2.3035182571,"15":2.3034281635,"16":2.3030857817,"17":2.3033479309,"18":2.3032579803,"19":2.3033202171,"20":2.3032953866,"21":2.3032063293,"22":2.303124663,"23":2.3032799721,"24":2.3030928071,"25":2.3031511561,"26":2.3033646933,"27":2.3032403882,"28":2.30326183,"29":2.3033948867,"30":2.3030507278,"31":2.3032083829},"train_acc":{"0":0.0966666667,"1":0.0904166667,"2":0.0929166667,"3":0.0879166667,"4":0.0970833333,"5":0.0983333333,"6":0.0945833333,"7":0.0972916667,"8":0.094375,"9":0.0941666667,"10":0.0970833333,"11":0.0929166667,"12":0.091875,"13":0.0927083333,"14":0.0954166667,"15":0.09375,"16":0.09625,"17":0.0889583333,"18":0.0941666667,"19":0.0908333333,"20":0.0989583333,"21":0.0954166667,"22":0.0929166667,"23":0.0970833333,"24":0.0972916667,"25":0.094375,"26":0.0879166667,"27":0.0885416667,"28":0.095,"29":0.0927083333,"30":0.0895833333,"31":0.0929166667},"test_loss":{"0":2.302813015,"1":2.302643706,"2":2.3026339531,"3":2.3026338863,"4":2.3026056608,"5":2.3026554108,"6":2.3026481915,"7":2.3026324113,"8":2.3026299,"9":2.3026238569,"10":2.3026304499,"11":2.3026367156,"12":2.3026231988,"13":2.3026097997,"14":2.3026207097,"15":2.3026398722,"16":2.3026362578,"17":2.3026213328,"18":2.3026045036,"19":2.3026041635,"20":2.3026542568,"21":2.3026409213,"22":2.3026063538,"23":2.3026379744,"24":2.3026367251,"25":2.3026082643,"26":2.302610817,"27":2.302632618,"28":2.3026625538,"29":2.3026254559,"30":2.3026204586,"31":2.3026098315},"test_acc":{"0":0.1,"1":0.1,"2":0.1,"3":0.1,"4":0.1,"5":0.1,"6":0.1,"7":0.1,"8":0.1,"9":0.1,"10":0.1,"11":0.1,"12":0.1,"13":0.1,"14":0.1,"15":0.1,"16":0.1,"17":0.1,"18":0.1,"19":0.1,"20":0.1,"21":0.1,"22":0.1,"23":0.1,"24":0.1,"25":0.1,"26":0.1,"27":0.1,"28":0.1,"29":0.1,"30":0.1,"31":0.1},"lr":{"0":0.002,"1":0.004,"2":0.006,"3":0.008,"4":0.01,"5":0.01,"6":0.01,"7":0.01,"8":0.01,"9":0.01,"10":0.01,"11":0.01,"12":0.01,"13":0.01,"14":0.01,"15":0.01,"16":0.01,"17":0.01,"18":0.01,"19":0.01,"20":0.01,"21":0.01,"22":0.01,"23":0.01,"24":0.01,"25":0.01,"26":0.01,"27":0.01,"28":0.01,"29":0.01,"30":0.01,"31":0.01},"epoch_time_s":{"0":57.3561899662,"1":56.6078960896,"2":61.6471579075,"3":55.6710979939,"4":56.661908865,"5":55.5244758129,"6":56.2458617687,"7":55.7795808315,"8":56.4865510464,"9":55.9661381245,"10":57.1124639511,"11":55.9295799732,"12":57.0258657932,"13":60.0626809597,"14":56.6755414009,"15":57.2394611835,"16":56.8501727581,"17":56.9390749931,"18":56.7062549591,"19":59.6107461452,"20":56.9369080067,"21":56.699630022,"22":57.6810798645,"23":56.6800971031,"24":56.950438261,"25":56.5506639481,"26":56.5568490028,"27":57.4906270504,"28":56.495926857,"29":56.730766058,"30":58.5780258179,"31":57.0598921776}}