{
    "model_name": "alexnet",
    "optimizer": "SGD",
    "nesterov_flag": false,
    "lr": 0.0001,
    "weight_decay": 0.0005,
    "weight_init": "kaiming",
    "dropout_rate": 0.0,
    "label_smoothing": 0.0,
    "lr_schedule": "one_cycle",
    "batch_size": 128,
    "use_augment": false,
    "protocol": "Fixed Wall-Clock Time",
    "wall_clock_budget_s": 1800,
    "seed": 2025,
    "device": "mps",
    "num_epochs_run": 32,
    "total_train_time_s": 1852.416527748108,
    "epoch_times_s": [
        56.30199980735779,
        58.801944732666016,
        61.75673508644104,
        63.752604961395264,
        61.5785858631134,
        57.55106592178345,
        56.977906942367554,
        56.66291809082031,
        56.379497051239014,
        57.18784284591675,
        57.10991382598877,
        56.48819613456726,
        56.57057499885559,
        58.64896106719971,
        56.038193702697754,
        56.3118212223053,
        56.844446897506714,
        57.18910193443298,
        56.260404109954834,
        57.84692978858948,
        56.45328497886658,
        66.72448897361755,
        56.50629782676697,
        55.54943633079529,
        56.9716432094574,
        56.190796852111816,
        57.62861919403076,
        56.5238561630249,
        56.657209157943726,
        60.93604803085327,
        58.077152967453,
        57.93804907798767
    ],
    "epoch_lrs": [
        4.000000000000002e-06,
        4.731359342517608e-06,
        6.903150433075093e-06,
        1.044919161733598e-05,
        1.5261423297422723e-05,
        2.1193200865102327e-05,
        2.8063763447797404e-05,
        3.566374228995768e-05,
        4.376154091120189e-05,
        5.211039261671865e-05,
        6.045588029425285e-05,
        6.85436893446032e-05,
        7.612735748820835e-05,
        8.29757852855942e-05,
        8.888027850129511e-05,
        9.366090770713879e-05,
        9.717199132675832e-05,
        9.930653503483832e-05,
        9.999990313383577e-05,
        9.985273885988758e-05,
        9.942677896656872e-05,
        9.872440559438798e-05,
        9.774954670015166e-05,
        9.65076540902358e-05,
        9.500567293187344e-05,
        9.325200291296221e-05,
        9.125645126760246e-05,
        8.903017793006591e-05,
        8.658563312391629e-05,
        8.393648773530897e-05,
        8.109755685985018e-05,
        7.808471695057266e-05
    ],
    "best_val_acc": 0.5941666666666666,
    "final_test_acc": 0.5936719400499584,
    "final_test_loss": 1.1509579206684248,
    "model_file": "/Users/josealmendarez/Desktop/Lab2CNNModel/results/alexnet/exp_10/model.pth"
}