{"epoch":{"0":1,"1":2,"2":3,"3":4,"4":5,"5":6,"6":7,"7":8,"8":9,"9":10,"10":11,"11":12,"12":13,"13":14,"14":15,"15":16,"16":17,"17":18,"18":19,"19":20,"20":21,"21":22,"22":23,"23":24,"24":25,"25":26,"26":27,"27":28,"28":29,"29":30,"30":31,"31":32},"train_loss":{"0":5.852365125,"1":4.1854458586,"2":3.2285794131,"3":2.7711822192,"4":2.557859478,"5":2.4069054063,"6":2.3155786769,"7":2.2228476556,"8":2.1765323321,"9":2.1213395723,"10":2.0734633954,"11":2.0332613564,"12":1.9676720619,"13":1.926240085,"14":1.8907966741,"15":1.8331311703,"16":1.7807055521,"17":1.7373303699,"18":1.6965807883,"19":1.631375343,"20":1.6090724866,"21":1.5738023933,"22":1.5305886141,"23":1.5074367555,"24":1.4620453103,"25":1.43993577,"26":1.4032917531,"27":1.387295049,"28":1.3609491793,"29":1.3343526665,"30":1.3047198439,"31":1.3105477285},"train_acc":{"0":0.0970833333,"1":0.099375,"2":0.1116666667,"3":0.1204166667,"4":0.1302083333,"5":0.1585416667,"6":0.166875,"7":0.2047916667,"8":0.2152083333,"9":0.2564583333,"10":0.26375,"11":0.2779166667,"12":0.314375,"13":0.324375,"14":0.3447916667,"15":0.3729166667,"16":0.3889583333,"17":0.3983333333,"18":0.4141666667,"19":0.4458333333,"20":0.4585416667,"21":0.4608333333,"22":0.4764583333,"23":0.4875,"24":0.5008333333,"25":0.5102083333,"26":0.5175,"27":0.5325,"28":0.531875,"29":0.5579166667,"30":0.5495833333,"31":0.54375},"test_loss":{"0":3.1649735006,"1":2.3893980662,"2":2.2442996629,"3":2.1583663495,"4":2.1047476927,"5":2.064990352,"6":2.0270813084,"7":1.9774866327,"8":1.9290854931,"9":1.8746232096,"10":1.8319339355,"11":1.7794758463,"12":1.7471009636,"13":1.6690511703,"14":1.6314559809,"15":1.5821233384,"16":1.5355975485,"17":1.4811813625,"18":1.4339413881,"19":1.3947246615,"20":1.3703457785,"21":1.3566095797,"22":1.3101351118,"23":1.3054320844,"24":1.2749027427,"25":1.2456465069,"26":1.2382805951,"27":1.2240578604,"28":1.2026502117,"29":1.1776316977,"30":1.183055582,"31":1.1519170523},"test_acc":{"0":0.0991666667,"1":0.155,"2":0.18,"3":0.2258333333,"4":0.26,"5":0.315,"6":0.3325,"7":0.3683333333,"8":0.3975,"9":0.445,"10":0.4591666667,"11":0.4558333333,"12":0.445,"13":0.49,"14":0.5025,"15":0.5041666667,"16":0.4991666667,"17":0.5158333333,"18":0.5416666667,"19":0.5325,"20":0.5325,"21":0.5408333333,"22":0.5558333333,"23":0.5516666667,"24":0.5591666667,"25":0.5691666667,"26":0.5666666667,"27":0.5691666667,"28":0.575,"29":0.575,"30":0.5883333333,"31":0.5941666667},"lr":{"0":0.000004,"1":0.0000047314,"2":0.0000069032,"3":0.0000104492,"4":0.0000152614,"5":0.0000211932,"6":0.0000280638,"7":0.0000356637,"8":0.0000437615,"9":0.0000521104,"10":0.0000604559,"11":0.0000685437,"12":0.0000761274,"13":0.0000829758,"14":0.0000888803,"15":0.0000936609,"16":0.000097172,"17":0.0000993065,"18":0.0000999999,"19":0.0000998527,"20":0.0000994268,"21":0.0000987244,"22":0.0000977495,"23":0.0000965077,"24":0.0000950057,"25":0.000093252,"26":0.0000912565,"27":0.0000890302,"28":0.0000865856,"29":0.0000839365,"30":0.0000810976,"31":0.0000780847},"epoch_time_s":{"0":56.3019998074,"1":58.8019447327,"2":61.7567350864,"3":63.7526049614,"4":61.5785858631,"5":57.5510659218,"6":56.9779069424,"7":56.6629180908,"8":56.3794970512,"9":57.1878428459,"10":57.109913826,"11":56.4881961346,"12":56.5705749989,"13":58.6489610672,"14":56.0381937027,"15":56.3118212223,"16":56.8444468975,"17":57.1891019344,"18":56.26040411,"19":57.8469297886,"20":56.4532849789,"21":66.7244889736,"22":56.5062978268,"23":55.5494363308,"24":56.9716432095,"25":56.1907968521,"26":57.628619194,"27":56.523856163,"28":56.6572091579,"29":60.9360480309,"30":58.0771529675,"31":57.938049078}}