{
    "model_name": "alexnet",
    "optimizer": "SGD",
    "nesterov_flag": false,
    "lr": 0.0001,
    "weight_decay": 0.0005,
    "weight_init": "kaiming",
    "dropout_rate": 0.0,
    "label_smoothing": 0.0,
    "lr_schedule": "cosine",
    "batch_size": 128,
    "use_augment": false,
    "protocol": "Fixed Wall-Clock Time",
    "wall_clock_budget_s": 1800,
    "seed": 123,
    "device": "mps",
    "num_epochs_run": 20,
    "total_train_time_s": 1129.9897999763489,
    "epoch_times_s": [
        55.357117891311646,
        55.52205491065979,
        55.79210877418518,
        57.030651807785034,
        56.19880819320679,
        56.62150502204895,
        57.085932970047,
        55.744483947753906,
        57.31044030189514,
        55.64121699333191,
        57.155675172805786,
        56.26781392097473,
        56.864301919937134,
        56.51911973953247,
        56.78470778465271,
        56.823354721069336,
        57.306418895721436,
        56.556638956069946,
        56.75370907783508,
        56.6537389755249
    ],
    "epoch_lrs": [
        0.0001,
        9.938441702975689e-05,
        9.755282581475769e-05,
        9.45503262094184e-05,
        9.045084971874738e-05,
        8.535533905932738e-05,
        7.938926261462366e-05,
        7.269952498697734e-05,
        6.545084971874738e-05,
        5.782172325201156e-05,
        5.000000000000001e-05,
        4.217827674798848e-05,
        3.454915028125264e-05,
        2.730047501302267e-05,
        2.0610737385376356e-05,
        1.464466094067263e-05,
        9.549150281252635e-06,
        5.4496737905816115e-06,
        2.4471741852423237e-06,
        6.155829702431171e-07
    ],
    "best_val_acc": 0.495,
    "final_test_acc": 0.49375520399666945,
    "final_test_loss": 1.5470813922739148,
    "model_file": "/Users/josealmendarez/Desktop/Lab2CNNModel/results/alexnet/exp_5/model.pth"
}