{"epoch":{"0":1,"1":2,"2":3,"3":4,"4":5,"5":6,"6":7,"7":8,"8":9,"9":10,"10":11,"11":12,"12":13,"13":14,"14":15,"15":16,"16":17,"17":18,"18":19,"19":20},"train_loss":{"0":3.1916152159,"1":2.379173727,"2":2.2663387966,"3":2.2099124686,"4":2.1457481066,"5":2.0922215684,"6":2.0337231795,"7":1.9716901875,"8":1.9375700887,"9":1.8946337509,"10":1.8763993136,"11":1.821033144,"12":1.8007672691,"13":1.7940067323,"14":1.7598394648,"15":1.7529048316,"16":1.7397652547,"17":1.7350459735,"18":1.7277959569,"19":1.725092713},"train_acc":{"0":0.1060416667,"1":0.1414583333,"2":0.1775,"3":0.1954166667,"4":0.229375,"5":0.26,"6":0.2829166667,"7":0.3089583333,"8":0.3291666667,"9":0.3422916667,"10":0.3566666667,"11":0.3791666667,"12":0.3802083333,"13":0.3866666667,"14":0.396875,"15":0.40125,"16":0.4033333333,"17":0.40875,"18":0.4135416667,"19":0.4110416667},"test_loss":{"0":2.2073085149,"1":2.1191580407,"2":2.0629902411,"3":1.998901,"4":1.9509760777,"5":1.8927213017,"6":1.8338036601,"7":1.7710317612,"8":1.7279844411,"9":1.6976752853,"10":1.6509689824,"11":1.6245273161,"12":1.6040659602,"13":1.5843571234,"14":1.5692350626,"15":1.5650659037,"16":1.5563622967,"17":1.5513830058,"18":1.5488903411,"19":1.5483706268},"test_acc":{"0":0.2158333333,"1":0.29,"2":0.3241666667,"3":0.37,"4":0.3483333333,"5":0.4041666667,"6":0.425,"7":0.4666666667,"8":0.4658333333,"9":0.4416666667,"10":0.4875,"11":0.4683333333,"12":0.475,"13":0.485,"14":0.49,"15":0.4858333333,"16":0.495,"17":0.4941666667,"18":0.4933333333,"19":0.4941666667},"lr":{"0":0.0001,"1":0.0000993844,"2":0.0000975528,"3":0.0000945503,"4":0.0000904508,"5":0.0000853553,"6":0.0000793893,"7":0.0000726995,"8":0.0000654508,"9":0.0000578217,"10":0.00005,"11":0.0000421783,"12":0.0000345492,"13":0.0000273005,"14":0.0000206107,"15":0.0000146447,"16":0.0000095492,"17":0.0000054497,"18":0.0000024472,"19":0.0000006156},"epoch_time_s":{"0":55.3571178913,"1":55.5220549107,"2":55.7921087742,"3":57.0306518078,"4":56.1988081932,"5":56.621505022,"6":57.08593297,"7":55.7444839478,"8":57.3104403019,"9":55.6412169933,"10":57.1556751728,"11":56.267813921,"12":56.8643019199,"13":56.5191197395,"14":56.7847077847,"15":56.8233547211,"16":57.3064188957,"17":56.5566389561,"18":56.7537090778,"19":56.6537389755}}